id,predicted_price
2591820310,519007
7974200820,600589
7701450110,911937
9522300010,1444016
9510861140,480144
1761300310,248038
7732410120,435423
7010701383,292750
291310170,473657
4232901990,223451
6840701125,649540
3971700580,384982
4202400078,427699
6064800090,412833
2626119028,309675
3303980660,1274740
862000020,297220
2386000070,780790
1138000450,284542
1775800420,419178
2291401425,287303
2025770560,1067821
3525069037,603590
9324800450,519251
8080400136,478399
8651540040,402214
9407001790,331888
1773101530,132007
9432900250,733861
1794500695,249310
2220069003,591003
923000120,384988
5728000060,295087
16000200,310451
1926059094,403389
6672900220,915938
3629860060,800704
1822069109,662316
6675500105,298937
249000180,928847
226059065,449195
396100110,234243
9264450460,433511
7853361210,407824
9474700020,314548
421000455,242484
3755200220,304440
7960100075,479706
9477100490,267825
9138100350,550081
1624049275,400755
2770606890,216682
1157200189,623734
2770601800,275195
9301300805,216884
2325069032,972433
1021079099,545571
7215730040,692861
1853200080,401915
3224600340,700343
3222049120,389266
2113700025,176069
7893207925,257930
3586501085,465970
8024200010,345780
7116500705,204967
1598600209,323443
7204200025,981093
4206901505,411127
2937300440,691494
7205000180,451023
8718500665,299347
5318101765,809843
4122700020,338678
8078700020,527869
3303980680,1159091
8924100372,792443
2781270210,356362
519000043,551460
3225069301,1115350
151000075,359230
2297400020,346455
6617500085,635994
104510180,424311
3528900060,409792
3345100286,650020
1226039130,374852
8712100720,595045
3037200010,394801
3626039268,202491
104510230,402203
5112800060,398992
6072400280,364626
5317100570,734681
9528102993,397281
2919201095,239454
6181400920,355511
185000161,462823
8691400010,706835
3345700165,656456
6151800486,329327
4340000080,514765
4136960010,651142
3634100030,409371
1624059224,857339
2788400090,353499
9828200762,511847
7524400250,459284
3528000290,640218
5700003630,2660477
2720069019,488033
7227501170,353731
2397101270,269803
6792100090,425058
2770602265,270442
3971700937,238873
422049203,335101
3076500830,319757
1423400260,323291
9161100795,233146
3126049052,422755
5100401468,302054
514500235,238002
1423200170,214862
1402100070,421638
624110020,654361
2407000145,263951
1890000225,629015
1320069271,592054
5490700085,301348
263000155,253041
3726800201,512637
5153200358,480452
2725079018,1049928
7165700200,307800
9429000170,444351
8718500075,249320
1760650950,613373
1068000559,597100
4113800500,691931
4077800507,503688
2725069150,610024
4008400035,847713
7016310270,376737
1432701230,285517
3278606050,240741
2473350710,430970
2185000685,223872
7792000025,628412
6868200029,462725
624069003,682760
7431500280,581942
3296000040,339674
1118001215,940952
6453900040,555486
333100209,469357
34001765,338308
8946700100,415690
5561401210,561679
6671900095,320018
3275850020,588514
3876300600,317458
1450900020,257184
8562780280,331283
7663700973,258630
2126049032,327497
1823059159,274528
3438503426,176563
9297301495,299820
7140700850,768519
7942601805,782016
2555900030,309308
2887970040,275673
7419700010,475026
2239000011,285550
9283800050,514424
9407001340,365429
217500140,458434
7212660520,431259
3298201170,185703
3057000400,253594
6865200444,232941
6071600340,542986
6821600005,299920
1235100371,495961
7796450340,616063
3603000410,183803
9297300255,309283
9126100850,578253
2770601462,259308
2599001500,254199
1102000095,919272
1853080640,869350
9551201585,510112
3438500796,199211
7518504291,261371
9269200340,217636
715010130,1344213
1982201485,306369
9526500080,512646
9277200180,209343
6669150280,269490
8917100153,358366
3760500516,713449
2725069050,705762
3332000091,343028
8562770080,586217
8151601190,215146
8563040160,323645
240000269,1140491
4307350200,348647
1311910300,245090
3574900030,433105
7853230570,527451
320069049,534300
9839301060,663572
7011201333,304087
2781320100,505006
3421069120,831947
7852030320,608656
5316101075,1458080
5309100750,253850
629000730,265692
511700170,340860
1562100030,278273
2489200230,260515
524069116,398094
5315100737,466021
1868900675,736991
1608000120,365526
705700240,553861
7575600610,250173
1778500015,614786
5423500240,344139
6713700025,282256
2734100734,398378
301402280,209014
2113700205,185773
4114601570,2256325
3332000615,334035
3630050180,385358
6852700520,492007
6870310010,366380
6163900981,249338
393000142,626865
1771100130,339717
1442860160,555312
9191200435,491450
6788200800,917118
1115300070,780644
3176600105,554515
2770604665,227308
5469500580,445289
5680000545,492142
3424089119,597448
1328300180,382337
1773100922,219302
4123830480,531221
9808610190,511345
4250200140,276792
4217402115,3736250
3831250350,397094
2397101055,327436
6817850110,838826
7526800200,333423
7853370100,823456
2523089025,1179961
9476200680,407418
5714200140,411790
3575304895,446728
263000018,249458
8080400177,412791
6450304130,243568
514500090,293806
9477000300,303994
853600310,1136193
1951600240,197192
1099900120,520772
5323100120,274566
1223089016,441141
522059172,217181
1930300190,307899
9542840410,402211
8665050530,480350
5592900205,449708
5450300010,258932
2459960030,356407
3331500455,702369
3432500705,390237
3702900165,142224
5249803550,533897
626049058,410539
1788900380,294728
8075400360,218925
9113200250,520519
2738640040,547365
7821200307,223343
3530440140,210654
3582700130,371529
9276200569,342223
7197800020,551674
686200490,304935
3501600100,245977
6383000690,308667
7604400150,207876
5249801411,805566
2607720420,514613
9561100010,312151
1796370590,478155
4077800593,397293
854000165,354682
5536100010,260491
4188000670,721366
31000165,816961
662350050,556435
4137000280,350286
6169901130,587735
1953400510,247494
7518506716,463245
1552520010,339138
7955080270,323734
9212900100,445628
3438500798,197645
7899800890,181205
4319200605,301973
1329300480,369105
8935100100,642272
5016001260,355148
4337600280,393063
1446401220,248117
7135521530,668502
6888900115,285329
2413301070,554632
345700040,387881
5566100145,216953
7634800070,482959
9346910500,584359
3529300060,321899
8128600060,701595
8572900275,230159
4139420590,1642544
9274200322,328968
1472700200,405587
8820903380,498112
8563010130,513859
8965450110,790849
9274204230,242180
8165501700,246750
2193340260,436313
1860600290,457142
1222000055,254633
2492200280,280247
2488200455,196102
809001520,453842
1796361140,446155
6398000011,1084426
6813600365,493092
7504100920,643921
8835770330,731824
524059322,384619
4307330280,365264
1245002952,619983
2021069059,498711
5700000595,661170
3629970930,711445
3336002215,253161
5100401060,519882
3278600750,213336
1126069045,1411686
7568700175,273989
452001475,219998
9283800230,869987
1737300130,466788
6189600040,256871
3679400025,543924
1096100010,246473
9513900050,238254
5452800645,614293
273800100,258273
7228500037,419651
808300090,691285
2493200215,327419
5035300255,268880
3380900160,323876
3630000130,417785
7300400670,328057
6798100070,353948
8078400010,419357
5566100060,248842
2768200212,232692
4035900060,289601
9460000110,562954
7199320190,425141
2225039081,208423
9512200050,788971
2634500085,248910
3654800200,451523
2724079090,1231476
2597520720,736050
3034200426,259759
984000130,375701
7852020670,522345
7923500060,430211
2310030510,491299
2205500540,522906
2493200015,201308
7853361420,673450
5652600605,444306
5285200020,520059
9406530150,604009
5706300020,378003
3278602490,282278
7197000100,461057
4447300008,310810
7899800045,180420
9250900095,284522
9268851740,555538
8682261440,342246
7284900385,687340
8079040300,424082
2225300585,348647
3223039013,537343
2013801350,229243
4055701110,807576
3578401770,351546
4046500720,671221
6145601745,200101
5207200195,553582
1972201856,312710
7212680080,334769
7277100510,484598
522079022,545372
5605000440,712439
6632300230,321283
8815400165,518074
6708200320,466254
2426059076,550484
3260200200,261908
2770601741,274856
4338800500,298902
9201000320,735127
7655900038,254720
3625059140,359508
4222310010,195309
2114700115,197606
3291800710,314231
9406590010,660595
3025059124,1534936
7972601250,298485
930000470,658465
6690500060,235408
16000015,237354
5693501102,278411
8079040490,453780
7225000155,608846
8819900170,615943
7972601270,212476
1224069074,678466
5126900321,338202
3438501860,180053
2822069080,681180
1656600310,662342
3856900507,866258
1626069139,495450
2524049257,1091604
3904960150,519512
7214820610,412707
7977201845,477958
2428100080,737912
2202500135,391345
1523550220,391588
2313900610,256405
4123840050,620893
2125059124,595363
1225039067,222957
6431500283,225092
2473380010,381668
5694501195,173382
2881700046,273176
6837820330,601118
2337300370,316735
3876540630,278647
626059317,277389
3374500520,384255
7228501903,373836
4019300051,411992
4232902615,250558
3546000090,252443
8127700215,355257
3438501100,214353
1769600066,516442
8146100610,232603
3052700695,290303
7954310210,832680
3761700053,1751195
1320069179,549109
1331900410,642934
7303100210,324613
2464400285,395526
6163901150,275974
8955800045,343460
2314300200,488839
9528104360,279850
4177100005,518741
8856960260,491602
1828001220,340325
3066400710,577554
624110610,750144
4040800260,224679
5019500215,246985
2481630180,793850
7203170190,469205
510001280,804664
9430110120,508011
1565950030,409376
9828202255,706125
3878900270,699265
8091600080,355276
1112000035,364254
2228900270,263413
6648701740,276402
1245003740,390087
2174503441,251235
7708250010,323418
6072300110,308772
2329800140,555610
1494300040,443439
3832050130,470240
7203100730,586470
7199330170,339342
7785000220,283458
1250201175,429552
4054500180,963974
7905200061,234265
3751604895,200696
5220300140,270704
3323059027,327684
8651611980,673517
8673400190,270126
1668500100,589021
1023059365,597438
3308030060,340891
4232400860,784364
2144800615,349963
1568100920,1520557
9406510040,828509
2923049421,510025
1051000040,566116
2077700042,401986
9423800030,284234
9818700455,748114
7133300675,382805
4113800550,717420
5553300375,1078670
2025701530,473365
7942601155,502766
7524300020,284347
2520069100,545142
5412300410,233460
7504110760,578846
2594200350,252775
2722059013,264431
8078430480,406667
1423069162,423018
8856001090,196397
7000100631,349711
4222200280,198561
7971300050,275236
2009001600,214627
6619910140,503506
2877100985,251003
1196000007,510632
1330850130,593544
6664900410,443752
1231001110,315754
9235900030,222296
9407101840,417987
9523103001,204262
2149800278,417070
7234601198,539501
9476700035,700180
9297301065,300044
518500700,925491
7843500090,560480
6056110780,375633
2345700260,441714
3509600070,326171
1431700280,386127
1623049174,450653
3024089049,400613
7853340450,476324
7732410360,425214
1446800995,425466
2946000285,374474
425079100,664880
3876313040,333323
1762600260,606019
1925069121,868462
7443000480,442719
7820000015,288638
4027701253,433670
2826049165,381001
5426300060,344846
1278000210,221259
923000270,283517
7657600005,398078
3024079057,310371
3276180020,490977
7304300760,264532
3908100020,428997
8835400805,662754
4051150070,247858
3904930530,469249
6163900971,365458
7942600310,461440
4365700330,177012
423059207,250771
3992700265,318790
7177300090,420821
2540820010,454186
5700002510,1218027
5201000030,562265
7631800015,2655669
2922702965,295492
1525059198,596839
1245003160,479387
3810000455,501071
7855600080,558140
5701500030,953508
7504020400,505204
1402600570,347165
7575610760,241858
8731990370,602939
5021900090,343769
290000075,257998
2841500010,460877
3955900830,597019
7852110140,687350
1311400350,222932
7773800015,363218
4123400320,548895
2725069157,714824
666000143,373105
5101408678,467887
6371000026,194829
2024059084,919069
7283900036,298638
8881900230,694880
3959400135,413956
7696610270,226611
1689400150,354040
5103900015,560179
1441000350,556072
5101408735,291764
3126059027,1436569
2320069014,878984
9541600015,321462
8682320420,477364
1562200090,324592
3395070980,653386
7349600230,319549
522049122,376897
869700060,347602
811000055,579870
1221059176,715021
1523059103,501784
2025760210,1620825
9218400088,515593
8682292020,360307
2623089135,493746
3758900259,677124
524069049,526238
3121500150,574578
5581400080,715963
8087800020,239814
4070700290,434193
3296000170,375999
9238500040,493494
2744600040,300229
6813600380,571032
6140100150,353802
2201500555,469930
2600110250,603017
4337000275,225010
1186000150,548231
1972201963,246130
1105000745,423318
2887700560,480218
4039700080,345776
522049104,441785
4202400078,427699
7520000695,241933
7714000310,681975
4319200060,342308
8624700015,648041
5104520610,475937
2354300845,277636
3824100291,469123
6151800612,420256
5454200080,853088
6413600290,268491
2131200065,373364
1459920010,290370
50300090,875972
2326300090,302627
7714000070,721601
3630180500,964560
1727850340,693928
8691430330,865864
2310030390,428074
5561400610,515961
7010701016,220431
7883605915,330378
1282300995,355882
4040700310,256477
3353400435,327561
2143701015,769174
255450020,584223
1020069017,518823
4038200120,275817
9284801100,188759
1965200075,515388
847100047,550350
4038700720,351300
6815100085,608966
2508000020,153951
255520180,910885
6822100750,268394
869700050,387935
1775801405,562441
6600400090,414810
7202330270,353678
1683400165,887948
2625069070,783698
7625702440,224778
3388000640,219096
1899400365,322704
6899990200,686277
5569700020,762121
986000045,435865
3293700221,273525
3764800250,280328
2291400566,246279
4219401236,1074496
4239400840,197385
7211400990,180016
7696500280,203635
7215721070,494299
3204850140,367759
4322200220,376680
2566300100,344235
1944900090,245598
6648500390,273009
7385300020,376065
1704900135,399305
2877100655,404301
2726079098,792527
7625703800,246059
318300040,952096
7922800190,567791
2023049361,287611
8946400210,415465
6071600450,592109
4343800100,317045
1443300140,583965
1024039001,466965
2767704860,321281
7234600851,683289
644200065,351733
7784400035,740730
3826000560,266103
9272202260,215384
263000253,249909
3621059043,1110569
240000130,715516
1352300120,367966
7849200861,281646
2487700130,282871
1796100140,438262
7234601221,528935
8651710190,381541
2916200091,477146
1232000915,242340
1545801970,516859
3211200420,231751
7686204675,299602
3141600210,246035
3959401284,530531
2113700825,192781
3876000710,319691
522069022,502515
3214200070,425428
1221039156,552860
259600790,245337
785000040,313313
8138870470,478949
2596300035,221463
540100057,715897
3073500045,480249
5363200266,314764
8682261650,363273
3224510080,764484
3211270160,790736
9269200520,131156
293810190,501908
4197400043,451329
3026079031,430371
5332200405,773987
2473411210,351611
9268200315,280227
8123500050,515241
3221069091,870607
2485000165,338727
4058800215,942711
1926059039,581290
2533300680,425786
3343903640,382268
5700003705,1524558
2023049372,523606
4058800830,846241
3333002302,404092
2944500340,501695
1982200790,248181
8929000270,503313
8122101440,163429
7525530470,738922
9332800020,361385
3878900525,477199
5420300210,270849
9232900165,167353
6414100026,310236
3013300660,378849
7954300120,747739
1081200360,348088
2877102345,252012
2202500255,468483
7984400050,195113
9558020380,672146
7812801850,309495
8944460020,393381
2306400040,341457
8649400410,434303
7889602020,283487
2041000025,189562
871001484,327772
2767602141,234596
3630180470,814770
2769602140,233918
2473250280,307915
5422560660,253448
3756600240,260196
8651600160,702223
7202300540,573834
8961950250,527715
3303000130,384026
798000062,301777
1695900150,781938
1604730150,497894
4136930310,459440
8835401250,1551598
8665900328,372345
9262800255,295293
1853080570,764099
5556300114,656169
9517200290,434214
4037200295,256331
7417100123,303780
2620069077,342828
7922720040,377437
558100090,475358
257000037,448676
3319500385,465515
9297301520,177550
3580900090,237595
1321039076,263016
7227801581,487344
9407001620,369135
2130400150,416436
2312400200,230148
4046700210,541026
1193000480,497349
1492800296,232805
3013300017,231090
3630240140,599049
1049010390,306521
9320900420,262009
4315700060,216801
2591010290,275327
323089085,738813
6600400270,403319
2919701105,223167
7202360670,639414
8927600100,613974
3211700045,617867
4027701326,448338
1601600195,345107
7853280350,939817
3629970130,718296
7203120020,542410
9542900190,297298
8035350120,780646
1238501184,665237
251200240,374342
8945300200,306074
2162000160,846168
5466310060,218818
1239400064,524945
5205000020,426261
1720800305,504481
7280300375,563897
2095800400,421472
7852010950,618521
1428001160,517883
9528104910,477743
8644210470,950239
7923300310,275600
254000100,393651
1931300688,213429
7007700030,197747
422049178,328662
422069067,376050
2923049393,576337
930000305,351483
2461900448,293085
2610100020,221463
2895550050,249538
7701700040,494472
2460900020,540807
9827700105,649348
1005000240,357562
7200001254,393453
866400040,438826
305000170,651672
2260800110,772470
3442000127,378729
5253300437,370166
7576700150,871554
5469501410,496271
5104531120,1191635
723049434,412537
622069006,1711554
2517101200,297122
8159620160,244114
5561300640,382954
3317010130,299930
4364200250,258501
8732300060,719002
5603700025,694191
3585900190,725672
3996900575,199042
8731801260,399450
3810000860,551131
5700003585,1896324
6332000050,243078
9286100250,461296
9471201110,759883
9290800050,663929
7300200400,538671
526069024,892120
1454600156,767933
3904980360,485196
2626119062,352341
8651730290,337824
7611200195,485276
1919800260,495488
6632900354,237989
3972900195,293146
5151600170,249305
7016000440,370294
871000435,359717
9578060540,420166
2332700060,393477
766000240,463315
4363700200,198265
7100000250,216413
2781250560,366921
2781250100,566317
5419800220,258777
7147600245,401291
2926069083,800515
6189200125,432356
9542830160,426024
5152200020,250284
9412900045,543415
6600410480,366147
6979970080,475152
5636010280,437097
1732801300,378225
5561401530,479857
9578500510,633899
7304300906,242984
1223089077,631076
721049207,470165
8691330310,784891
1523069204,364650
3188100105,496213
6608500290,303542
2891400410,540784
7663700551,211086
5413200140,242967
425069139,504129
6713700155,280136
2767603505,257832
7789000080,258744
9211500620,411579
3750604417,259296
7922800320,530140
1471620240,410740
2222059052,334942
9551200270,656860
2767603160,245212
9406710060,645108
8929000250,387277
5538300120,319957
2223069120,396436
1652500060,570144
8564500240,334581
3629700120,549760
3943600070,478299
4171200025,404808
2425049063,2184322
9828701650,371884
3581000340,224707
8100900015,466219
2125059161,845534
304000380,256541
8146200070,618601
686530170,311456
2917200645,233005
9547200530,565900
2122059199,376655
1150000740,702243
5706200060,326385
9265410010,322131
4083800555,251529
6152900332,281995
2520900301,406681
9828200790,458152
1657530180,329518
7471900045,395609
9828200460,397136
1775900140,409642
6139800430,481653
7214400005,420641
5332200026,449970
9510970300,540681
2540830020,295327
3392100140,324884
1326069191,522029
2125059112,515373
859000022,262986
8854100350,544688
121059007,345473
7977201707,433275
3859900060,1351010
8815400735,642382
705700530,528820
6600780130,389301
6378500105,306218
8143000310,373477
2877102330,294572
3526039074,296600
2115510300,434739
3024059014,2579538
2141330360,578199
546000400,247628
2071500011,322274
7972000240,388922
7016200460,346959
6204200180,379015
1552100135,397308
88000173,454301
2581900235,793324
9211500560,431108
621069218,637956
1321970240,331104
798000630,403656
421000285,231597
2824600180,404138
3832051140,586336
1237500105,512343
8802400906,227698
3166900270,770376
3682000060,357712
5469700020,286388
1245001820,436567
9547205660,477914
7974700122,531974
7550801225,265821
1099950050,1072839
1402900460,347312
7636800041,1710372
2115720270,452234
8651441750,361358
3904100035,357192
8815400020,490786
3303860590,812957
5427110040,424004
1782000160,196373
6204420290,432172
3995700245,251017
7955040130,261067
1442880650,655113
8833510230,825178
7283900551,318015
4396000180,403316
7504021310,529562
322059264,311107
3654800040,426189
2767704777,249418
3278602190,241176
3236500220,265055
3410600100,631423
629410180,725097
3352402250,323532
4363700304,227018
7237550130,1153438
9808590210,580846
8074200175,295956
3463400330,640204
6306400140,774050
8564950250,469805
5381000070,340564
9826700697,485655
8132700190,198343
7943000020,332024
9547204675,470045
4112100101,552621
727500030,214967
114101426,323047
9274202005,296287
1193000380,438052
3039000020,303480
7852170130,833487
2624079010,614053
4137010540,385391
7576200012,880819
1138020020,281076
3969300030,261442
898000200,476108
5153100030,260382
5104532030,808317
4406000050,261290
9274203390,268716
8682290360,377930
6928600330,454167
4139680070,839143
6844702690,418251
2154970020,1724442
4385701285,882150
2426059071,549267
2867300160,825876
9512500720,326319
1773101020,193982
8687800100,451868
3627800050,1815138
1604600227,345217
3300701170,218260
9250900111,433682
7015200790,286280
1311100490,237702
2469000010,857670
1982201596,246565
1862700290,547618
2586800270,278184
9528102772,372073
5490210200,376738
6669080020,689251
179003055,283992
1860600535,570811
1592000130,453235
3905040170,572873
9320500080,248588
9276200850,193374
224069114,509180
2260000340,337051
5096300130,350865
3432500215,294163
2600000050,640653
8856003839,293554
2492200435,222000
7855900110,969381
6806100250,359658
2770603523,254448
1370800515,1009521
2726049150,458156
1226059161,525903
1068000375,1992396
9528104109,344146
5126310060,531048
1951820070,618711
1545805980,733067
9464700340,600106
4319200675,444920
7518500885,251020
7852020620,582054
869700370,412159
8643000190,214286
8902000267,478889
7972602435,179456
2050100210,725017
6705120540,631979
2767601390,320758
4141000490,1030373
9345400350,356707
3222079162,518414
7789000120,226630
6646200770,600900
6666800180,278003
1725800280,237941
6117500460,1100757
5470100220,237370
5457300478,212328
7550800195,260261
7787050180,750661
6204430250,448754
7640400250,405462
624110920,733270
3629920140,370425
7173700518,499487
3210200395,237594
2473480560,472603
2623089141,535488
1423800080,239466
2076400050,446119
3832060120,551832
7702600930,632654
5101404555,363383
3723800415,420699
3356403400,282424
9214400125,448431
1797500530,395307
9551201660,509888
3878900815,566683
1760650280,581145
5466410030,230920
6388930620,786369
2331300395,391000
9412700160,261370
871001611,265988
3142600120,541115
3995700220,257109
2310000280,440621
8039900400,458334
7504021510,520918
1959700445,1038798
1556200155,630048
3629960590,379195
259000240,433484
662440020,687565
3123049142,667425
321100260,850961
6840701095,517460
3738900165,339944
4427100130,289996
9238500100,469178
6145601810,169913
2570300090,274045
4017600010,447473
1005000220,459726
1257202120,382139
9527000490,388695
8691400080,738010
1726069084,468234
248000240,368737
6113400046,512780
2130702350,555209
920069052,359422
6071300160,317996
1623049041,208884
9268200285,182604
1843100520,760743
2887700826,510358
9122000385,624506
9475700220,380836
2804600005,699352
2896400300,399189
5015000180,715805
3630220180,744681
8832900780,505912
1568100300,374138
8718500610,289987
4147200140,984172
1973700030,695165
8862000075,218972
9320990110,372145
1151100035,466348
2011000010,203759
1651500060,330200
446000190,654958
2344300220,579211
523049195,332093
9191200015,550243
7942601410,726999
7137800300,371375
7853300280,562499
6654700240,727694
569000050,346225
3584000180,427308
2026079055,405869
8898700880,287060
5075400150,257685
8731981360,628572
4222500020,212931
7996720050,464595
4077800094,613301
6446200365,523861
2824089053,526882
1311800220,232292
3522049063,557057
1721801280,273073
6131600240,230041
7202310040,415807
1123059125,678397
646910160,255584
5630500005,302018
3342100785,347311
9547205610,532110
1773100123,211809
3353400092,420930
217500015,323003
3649100031,319881
7896300150,388918
623049185,211367
1773100430,195587
1781500220,422624
3395380200,354781
2424059170,2563167
4389200765,613056
1543000060,645910
6154900005,331884
2902200240,406123
1442880640,648809
8562770490,541648
2768300655,286929
3432501315,217991
5035300570,301334
3626039028,248641
3876540780,271177
327000100,721674
7551300065,219839
1312920060,228409
2215901230,456063
6306800010,426486
2767700022,244097
5589900610,489000
4320200020,333312
5249804655,623138
9238500480,472037
3885806565,645652
7905200205,226006
5727500102,253036
3585220070,281417
2078500210,693921
1839920050,308538
534000080,198265
856000255,344436
4141010110,1301488
9558040820,846542
7768700315,488191
2796100640,273261
1922059010,201300
3448000542,284571
3883100220,275822
7237301210,549035
3893100456,708925
9578501110,605965
6145601995,225204
4024100120,268643
8899000050,572915
3396820010,504968
6749700117,197087
1954400060,384535
3303970100,606347
2540850070,359065
3797000745,271670
7883603700,312250
3438501452,255486
3530210260,640759
3598600049,219428
731500170,340910
7129304375,250236
263000006,248827
7212660560,537822
1112700010,281164
3420069060,1069794
2473000470,634564
8691390980,723007
6184700100,240876
4476400275,461403
2968801240,370226
1529300160,225071
7640400070,530110
7016100380,369019
2172000890,707584
4035900015,371175
9528104660,726191
507100005,327734
2783100160,341724
3629921140,811100
1099750610,438885
1330300451,920743
2757000030,342089
2114700190,245125
2050000020,1011233
3832500790,234872
2612000390,498605
1483300430,216693
8899200720,369356
9183700470,281143
3530490031,197411
7857001225,369915
7920100083,293540
2254501620,455634
3303000130,384026
3876200070,341511
369000365,157155
3052700385,353856
7856550240,773898
7300410110,392151
7201800300,340093
1695900060,561730
9429500146,770496
3629910240,652946
8805400090,281659
1022069050,381495
1138010530,263323
7877400266,194866
7974200452,804736
2126049265,442449
9547204350,597008
5560000680,245289
3793500550,478134
4217401195,760564
1826049408,322543
3905100210,468829
7695370160,429719
3210400060,204124
6146600170,131691
2767601750,234037
1773100926,222179
5700002125,535157
1951100100,185512
1402200340,371015
8044200200,226635
66000070,154450
5083100065,185507
4027701284,308460
5693501100,279641
3600072,547649
8078550250,298202
1922059046,241637
2902200016,502191
9183700845,156033
3333001997,329480
1432400525,271084
2824059128,610478
6453550090,846785
6202600070,796438
7524100280,195950
3524039224,461763
5739601300,199264
2473000410,594530
421059018,274607
4232901120,256322
5559600140,394324
3797310150,551494
7986400265,457565
3025300095,1173245
7524950830,571178
9407100730,338154
3812400854,413556
6002400030,552320
2212200090,248667
7202330610,366069
7300400170,351651
8965000110,246055
3996900125,253566
2221000100,350818
1524079088,261813
1133000036,389212
1868901190,508807
4037200530,244442
2095500120,349593
1995200338,633207
8820902350,693490
7459810210,753140
9536600010,486857
8085400586,597019
7518503065,193531
8682320350,427461
3179100790,546976
9828702666,428108
6713700250,500955
2141330700,583722
7519001990,230324
3223069019,284315
7994700030,321514
2592300450,365940
2792000010,586768
173000025,269072
7203150330,448275
3305100210,534618
2581300055,904671
6613000750,1122703
7015200685,291883
1323089184,503521
3793500510,660106
2225079030,338260
3578400710,345827
8100000090,485364
2095500040,336980
8682281710,471302
6163901380,257790
6918720080,377302
6914700130,472464
1205000215,256497
3800008,514373
6150200180,251642
1223089066,927768
7768800290,707151
9285800330,416220
1974300020,371328
7628700050,423458
9376301800,348135
8651430220,271535
629810350,749860
5016002180,662319
9558010230,431571
8732000390,219016
7899800586,266479
5249802460,467044
1446300020,481268
7785380150,588842
1245500950,477513
3362400640,285910
7578200310,341455
4137020910,358791
11520640,601158
7972601995,190401
8122100160,217162
9456200450,256704
1328320760,410956
4025300285,307876
2721600125,491450
1123049027,328686
3542300060,361949
291310340,567916
8651720420,372386
3298200790,230903
4037200585,249701
1329000090,996404
9279700013,483828
4151800265,247597
7760400210,402524
5029450110,389879
9492500160,536369
3578400270,351044
7606200090,326757
3682000050,348292
1250200415,361805
629811600,676198
1839500115,537428
1176001293,1016133
3013300409,205135
7853280370,960995
3275780030,467995
3336001946,366747
5456000110,332842
2473250400,344050
5393601635,597789
8820902905,332995
1245001659,466258
1523069215,384827
930000234,418561
4083301645,254502
4055700778,503366
2781230080,781807
3629910210,724287
7856700060,618703
7589700055,235919
3888100043,273802
6381501636,312902
3303951150,619264
8638500170,232880
5635100050,411499
8820901792,800599
5456000025,582744
985001275,188219
9560500105,367065
1421069117,376467
4154300296,343825
795000620,210696
9828702335,410295
1250202145,892782
1163400070,474454
5652600065,553019
1042700050,736082
8899210320,444445
1651800030,575687
2919201365,360022
4365200895,188977
6841700100,774928
7376300060,237662
7852090180,635164
9222400565,449843
9542400075,399185
7338000150,178024
4322500110,266577
7694200070,553913
9321010130,525650
3204300455,1233965
6706000040,372605
1565930130,777041
3279000420,324313
194000575,258374
2115510160,455946
7522500005,286213
3787000140,390551
7852110690,738188
5469700260,370742
8691410730,719167
114100763,202225
1257202430,652493
7000100635,209225
1900000195,213552
251500330,656827
7701960210,781701
4037000065,208547
522059299,252680
6072300800,672373
6821102358,271940
5029450200,400066
8860310240,493124
826000295,174119
9417400110,214636
3959400345,668538
8899000430,545938
7527200030,670647
8562720410,1309369
1432400335,260936
6699940320,671300
2525059172,418475
7548301044,427335
2141300420,743630
5100401414,360874
7346600092,315578
6852700478,497747
87000213,240425
5416500260,494584
322059097,301128
7229900005,314212
7116000350,181150
3739500096,279685
6744700900,879107
1959700550,730788
5589300435,359959
1775920350,330011
3750607974,325451
5318100935,700121
1442700430,810962
9346700030,425877
1841500050,361614
7278100665,326453
8635750980,612178
6909700340,713153
7011201475,368306
9348500220,506183
3876313170,362019
2195700050,859529
3760100200,367023
3396800120,471585
3750603685,328560
9828702310,485841
8656300380,444552
1438000170,541373
2423069164,388320
2112700845,232812
7635801370,581457
8572900135,452153
7504010590,591339
6821100125,188548
4310702775,165258
2591010180,327341
9828700235,518761
9376301180,239420
1646502355,460688
1498301672,430659
7715600070,319608
7283900045,409983
522069119,450617
5200100125,282449
826069184,525930
3271300155,327087
4444800045,280539
8682291050,517128
2770605420,209103
1556200205,556241
269000970,511915
9264900880,527435
2323059074,211850
1224059053,972284
3755500065,303928
2571900430,752799
3705000070,356890
824069173,492252
1735800050,187129
3025059089,273968
6132600655,436032
1068000255,1004036
3052700921,273845
3024089057,336439
7390400026,488032
1787600224,292830
2923049372,454535
7015201015,370207
7701990040,743090
1925059194,380699
301401370,316936
1931300955,188860
2395710070,593560
2591820070,598137
7883604065,335259
808300200,706636
1421069159,713239
8562780540,298967
2787720300,364921
2349300069,166367
739000035,231445
2397101460,295835
7625702437,212336
5101406441,439282
3323500010,394129
225039082,372488
8078100260,349142
4139480200,1311690
7436300160,399870
822039004,651414
8651442910,502331
1370803510,337279
3342100569,867228
1310430400,778429
104540820,393486
4305500030,793564
993000090,367803
8044050040,458753
5707500050,682948
6306800080,392247
9206700190,737508
8732040090,498670
3037200045,405464
438000025,486480
239000115,525356
8929000230,510330
7135520610,1011103
5561300340,510814
9530100085,399982
6613000140,886896
8835210130,287512
3782400190,422007
379000051,276696
3869900150,171434
4322200050,261790
8961980290,676824
2558670110,360708
1124000010,326129
3869900138,249076
7853300720,470228
251300110,339620
3904100041,333959
7701990300,740394
8682231190,391430
7888200240,218698
2025700730,530596
3066410800,594477
7576200040,746519
2526069095,1406476
2781270530,347072
3763300005,365641
1523049083,270420
923049468,294913
3303700221,524491
1502400140,405566
2880100160,465721
4083304535,451452
8820902549,568297
4139400060,709839
1222069094,530088
9367200205,336859
2734100736,377701
3856904580,477009
3812400789,384501
3303980090,1092592
1314300018,380932
9522400350,530665
7524350080,320465
9406520260,510443
3278602040,250049
7696620100,239889
3751600635,316992
6365900065,192232
8732800100,410862
3876540410,286265
7349660050,351722
1036700220,368893
5417600200,362880
8732020310,509039
6844703240,629938
923059206,371162
4038700220,371740
2597520900,710449
7203230040,589863
8820903560,298240
424069112,647896
6056100102,521420
1823069155,427797
9412400220,3698205
6851700381,934320
13001215,193050
3630180340,785464
6746701090,518193
3832050760,513301
369000690,209155
6071900130,561503
7266200085,467526
1473120390,698861
9523100458,277025
4345000510,256201
6600220090,334194
8079040320,401362
1357900060,378260
3996900295,254365
1442700250,838361
5021900175,251610
4365700130,228520
3876100320,474297
2124069103,373819
6700400140,286015
7852090810,618670
1454600038,639288
4137000250,412928
9826700726,545351
6716700325,409709
8562750300,632098
9315600050,629877
2790410250,451173
7732410130,425923
1387301730,310164
1568100220,225659
3975400085,339991
339600110,334590
7888400500,230793
1842390130,579862
7595700025,197071
2158900140,604423
6151800070,623354
9294300515,583845
1250202660,898756
9106000005,733633
5035300085,327687
8898700440,287641
723049197,228973
2019200220,281786
2926049408,524134
4233600190,827471
9268851860,438969
5458800620,244937
424069096,403732
8150100265,164057
2742100085,408683
8045600130,323249
8039900086,358868
4131500190,641082
1370802650,271953
821049149,415503
5104520460,582160
5466750140,227002
1703900155,322352
8658303065,433975
3298720030,273956
1839900080,300615
1561600025,296687
6064800410,375709
621069102,434778
7853360620,434188
9385200045,368578
7214770020,613962
5412300100,248372
2025701360,435480
7334602070,392721
8029200190,381345
2622049052,503981
3126049261,174336
4443800705,204900
2473420100,317387
7922710520,322543
3336001911,349380
3797000300,217473
5406500480,653989
6706600090,362625
1518000230,434405
1250202990,801141
6441800060,844726
2141500070,460458
9407101900,361713
5451300117,1716162
326069132,480961
7153400100,319490
3083000910,515641
3021059304,425866
2597530650,725876
3972900215,217647
2473420070,308822
6115400008,560561
8682220230,484858
642150080,713521
3775300030,254824
5418200340,543417
2424059119,918120
7899800476,200759
8598200070,320676
2421059125,905761
9528102771,427184
7522500020,306318
7202340720,422638
3286800260,500366
1121059105,877593
7504030220,640918
4045100190,941511
9406530090,645335
7138000260,230860
2600010390,640440
2917200365,229429
2191600780,260572
7784000180,316800
6149700194,308373
8082400136,363552
7202340930,457351
1972200556,281803
2767604170,232496
3271301175,240775
3223059303,694061
7598100735,520816
3348401490,497937
1545803390,507356
2296700050,429879
3626500045,263782
1596600060,293275
3616600250,910927
8078560140,292843
1796360350,469259
2770601763,285492
3223069118,576778
2473372040,440230
3575302759,309219
5706200170,442773
1774000030,445554
2224700136,277319
1250200418,380861
5416500840,637992
7335400345,187075
3776300010,398440
8857320130,314367
424069206,679799
3592500985,765321
9828701295,334191
2621750340,621596
7334401000,337937
3286800110,571819
1722069097,735580
3574770030,416343
1336300610,923941
7230900100,564158
6141100320,327055
2767602356,353869
476000017,244935
2558600100,360623
3500100015,251097
4074300150,349974
8907500070,2578703
4388000260,358560
2475900850,247266
7852010900,649673
318500300,693360
9200000050,197938
1026069106,513244
205000120,557888
2616800600,903744
921049141,645200
2023069059,795602
7229900145,406658
4376800010,312137
4389201095,1318439
826069127,526007
2310000250,480200
4058801225,565934
6600220550,385924
3585300194,993914
2594200375,225709
1102000514,1077264
1862400471,258853
6928000440,308217
9578060470,436868
8732020670,545660
1823069088,264460
8712100350,941253
3420069055,584006
4229900140,142360
8682280490,355698
3830630310,269665
5100400251,288262
1737100830,439192
1630700276,392799
6326000205,237334
3426049284,3589663
3814900260,416131
7403200050,1629396
1725059252,502449
8899200570,395123
4137000700,356986
1115300270,765572
3904920380,535848
2695600195,213546
9542100135,446077
1552510160,380034
1823059241,943662
2193320450,509252
1122069006,501661
7853340330,489414
1954420380,356629
7299600530,355898
1760650670,433394
6819100080,319867
2767704649,231893
2424059035,808512
1566100400,341778
5255690060,457558
8860500130,725007
7349650120,411422
3291800670,529828
3764650010,441147
5416500950,788535
7973202712,152934
3291800120,266096
9211500620,411579
8643200020,352906
9197100101,190157
3531900060,246809
8842400071,428210
6844701680,383091
6413600285,331125
5196410260,706212
824069121,621108
3876313120,341947
269000030,538901
1560930070,1442557
4435000705,287213
9542400025,417813
2470200020,584031
7519000580,269283
1226059101,480168
4449800063,223177
2815600305,346400
3821200050,314689
2644900110,349822
8058500005,320047
1099760230,398849
1954430180,373066
7853360480,552898
7229100040,323229
1432400120,241303
1898200080,600833
4054520100,767598
2568200140,705081
587550010,1038764
4154303215,766161
6358900070,659590
3277801640,236853
6209000165,312218
6143000020,377814
2591780180,828463
5412400170,261051
5466350120,257487
2877104196,417335
3222059007,308788
7957600025,381850
2698200210,297691
3764500230,419410
414100630,332747
8029740060,323074
1426049054,312239
546001060,298394
3277801417,240728
3630120970,740340
2326059080,838516
3278612370,274837
4024700100,265153
7697870860,236345
8562900240,612638
4059400585,309061
5703000050,548832
7701990560,764877
1760650610,531283
5408100035,389903
1370800560,592329
2880100240,281451
3630060150,541637
6071700020,541809
2473002500,670696
2768300650,264107
3523089019,892835
2787250190,742603
9477940440,371492
8732030440,545746
236500050,463081
993000100,375636
5466700360,242416
7203220300,570685
8682292180,341432
5209200010,456792
7853360990,433725
8663310010,374514
2313900165,255871
6114600030,663697
3303990030,892088
6679000960,591663
8161000230,733210
9510860060,470942
1223089083,977523
2721049059,335711
2523039278,312804
9826700707,494499
2159900120,273114
2767600635,258160
3812400455,439978
7852030960,503605
319500080,522277
1061500360,324436
1787600209,298624
7888700030,647620
3623500260,614263
4219400520,1110697
518500460,3432193
2500600297,241810
7283900010,254416
9225900055,463736
4036800925,226533
7967900150,345771
1782000130,269557
3163600015,187638
254000075,250002
1424059022,878444
2768200090,319655
4319200505,258902
1592000780,474688
1687910100,545651
5200100115,259511
3751600176,270405
5608010650,949626
2051200506,377233
2781280310,425426
1023059190,273895
2787310130,283234
4358700100,315813
3121069036,789525
1959700225,613024
3205500230,286123
7974200937,425801
6819100111,394768
6146600175,143674
1525069095,747724
1231000510,358654
4122700040,411248
2426039314,263971
2013200390,210386
1854900330,659789
1923300135,290694
582000135,283555
587800130,267666
7840800135,314820
6116500366,522096
6392002635,495008
5361700020,264072
106000395,231714
7199330390,297257
2484700155,337367
4038300070,245860
9407101850,396812
293610040,517521
7202360760,589850
5608010750,1099728
7236500025,401783
9144300120,276712
1454100267,394577
1377800135,253412
7967700570,190357
1562100220,345969
2923039243,498036
868002080,364313
7137960460,302737
1023089096,335331
3262300818,845781
8563050110,323587
7137300245,560265
4365200630,218483
4100500070,795115
3821400200,369469
5379803386,423771
4237901075,272933
8118600155,235163
8946780080,589033
1428000970,400767
7011201004,329709
2799800180,739675
522059130,235103
4315701163,317557
3649100387,354158
2125410210,331590
3224900130,250980
6798100661,304886
3626039325,559967
8730000270,288911
6065301040,491272
1665400165,286202
2203500140,371298
4058800875,571082
5076700025,247394
7853420110,757569
7818700480,144661
8658303080,470917
3187600100,500796
4077800518,366267
2470100110,2743626
3451000206,238271
1843200350,229278
7904700126,232802
9430000070,279198
6003500749,474786
7701990700,704563
1310820150,348769
3975400190,286737
4100000050,319608
7202270700,405606
7370600020,495929
126059225,486082
106000015,212016
4458800060,780268
8944290090,269439
8682250330,432421
9834200390,493977
3275880100,623119
7227501190,366811
1796100010,1260513
3831200210,295795
2521039066,509375
7701800050,641426
3904960910,616480
5647900670,339160
7234600796,545283
3021059244,250048
7787400030,745848
2051200436,789786
8820901415,392988
3523069047,779234
9194101388,395709
7277100610,345368
9471200370,1562721
2767800140,348154
3629870110,518139
9136102057,305978
8648900060,521172
3678900110,392464
2767600150,280833
1972201511,296628
6055000430,1010024
6624030050,362514
2215450150,337329
2767603824,236459
3585900460,554727
2922069134,698794
9267200062,222009
7228500425,550602
1089000190,445574
3359500960,382230
5152100160,390347
7230300060,368312
2423059067,481118
8016250060,263082
2524059267,848002
1438000440,490671
3326069026,511702
9353300600,281711
8691410060,728563
6332940070,449550
1310980110,275896
7428000120,333645
3626079040,805535
2722049077,314615
984220290,362537
5347200160,184274
4154303655,513513
2953000250,267229
9523102447,435789
5104511840,640397
3448740250,404984
4219400290,754688
5152100060,469947
3279000460,345267
1102001274,1183850
1251200155,1165210
2025700740,444282
3820350050,438013
1245000438,476365
7853230200,587556
3832200070,243879
2926049400,412731
1246700251,635037
6372000155,277822
7950300670,430427
7518504130,285063
9286100200,468276
3992700585,473711
7234600786,749517
5476800069,509879
1126059201,1085251
9527000090,368633
402000115,318883
8818400450,826663
2475900840,230692
1437500015,268013
2848700095,268659
1529300135,190726
2597520090,691454
7812801125,291828
3343903647,543754
1951600250,174082
9542840590,390075
8081010040,1189855
3262301355,514386
1861400068,223923
3295900490,466528
4345000440,236296
4219400465,706554
3797700030,269752
3204300860,653029
1930301555,280462
8807300130,257124
4391600035,564150
5021900140,707949
2946000590,393778
686400210,311307
3365900462,333010
8682262170,340848
7312400325,185467
3760100100,354370
3579000410,380898
1773100755,350549
7129300175,566362
6303400965,196455
1328320440,394806
3686900025,233494
1221039066,583962
7950304095,294613
3585900785,589188
9455200329,508931
629410130,677157
1994200375,501468
6669200370,811181
7262200150,157437
7504010750,483230
5253300173,270353
3395040200,364684
322069109,384637
4054510270,1113072
1710400005,547790
8644300170,404492
2450000290,501544
6102400166,834684
1934800087,467608
3333000775,336417
5393600509,314368
621069039,555281
3343903611,852202
2954400020,992604
7972000010,336007
7214810510,456062
5561300540,446846
2634500070,327501
6822100310,323632
9201000100,733012
1072100085,280603
6190701146,426829
3277800845,197284
112900020,411281
1324059048,570675
7979900126,299182
7199330370,309407
6381500720,353031
8078550190,295428
7853440140,845046
6300000396,319779
3374500250,382404
3343901188,449245
6979900010,781427
7199340320,475360
1112000125,372475
9269200150,215106
5104510210,430747
925059219,454483
100600320,273381
1789900080,390674
2123049142,414166
2459900040,1079252
3902300450,453221
7250000065,277390
7823700005,770288
3750605247,281062
2771601730,283337
3298600440,451537
9141100005,561117
8682262190,338689
9407111250,311976
1336800010,1306855
2255500060,677281
7950302345,332176
8658303585,314128
9184700600,896420
8068000440,591604
1310000130,295439
7853221330,925519
1222029077,343744
8562891100,761338
2517000260,345114
2225300149,312897
8651410330,321224
2413910050,499889
9407100720,359687
2112700920,227064
3761700251,600768
1036400100,377530
3585300365,439941
8562750060,900819
2719100042,306132
952007055,214399
925049318,517931
7203220260,588023
9320990140,403829
8567450140,724888
5379800810,269738
7784000100,361085
3992700475,431935
7905380280,354717
943100683,461212
8029770470,682186
2818600060,719579
1226039124,370919
726049184,230273
795001930,292245
339350150,586094
1332700270,541612
7548300170,661085
6141100330,381893
647100096,303153
6744700423,504480
2895800750,231501
4046600220,490500
8809200070,325893
293700110,744584
4178500440,532480
4358700164,245368
9197100263,273413
2426039313,263409
9468200163,305936
475000190,234659
7504180170,384021
4036800170,293092
2561330040,360052
4123400340,521501
524069115,651437
4047200850,463743
8651440230,512942
3905030140,564261
510000641,313617
8663370020,350010
2883200760,504198
1980200384,701343
9468200140,258491
1796370150,515887
9238900085,289697
9191201325,502202
2538400060,889629
3758900037,690208
2472920800,655599
321030150,328633
2571910100,684592
1423910670,322151
1118500030,653825
1939000010,523166
1776460190,625834
7504400290,512765
3448700070,394527
7518501025,349211
923059252,584226
1431700210,296108
8635760480,543666
9175600025,1469129
7922720250,317628
8944360390,486780
8948500065,226505
8669160310,286384
6117502745,633588
1789800020,549714
226039186,305401
6457000080,244367
9557300080,309446
8562790480,677444
6430500008,214698
1604590230,744469
9542850290,399247
7831800395,170306
3317500030,528691
624101110,650284
3654200039,234818
7856000150,676348
4338800685,329715
3211230300,899222
3904910650,545343
3598600088,382516
3796000400,357655
7972601280,279673
1450300050,308365
7504050090,718827
9202650130,540309
2419600075,306028
1224049005,415194
7129303240,616797
1922059135,209329
7852020250,765958
4139910180,1312841
4222300040,250413
1024069027,724105
8944600620,330607
5040800060,294721
1036400200,327613
7899800915,171031
3325069025,423467
9408300310,528196
1773100604,239176
5451100490,978624
9536602080,175824
9828702055,362369
3362401758,256648
476000333,250530
4364700730,202115
5559200020,497545
7522600110,208310
104510440,409892
8820901275,555191
3298700125,181203
323089172,508301
5364200477,404404
2222900082,419587
6641800020,808357
9358001422,197852
3438501150,190258
2206500430,455652
9272201318,285037
585000095,286514
7708210050,716877
9407000840,390545
4027701265,457531
8644210050,717957
8656800020,460733
3329520170,220044
5104520720,483911
3806000005,270497
2330000015,405868
1447600410,270400
8641500252,314711
6084600420,257082
441000115,335541
2597490030,600972
650000030,261179
3585210200,297257
5416501030,819337
5406500170,612497
2916200065,365196
3330501975,571390
1774220070,572767
8731730710,207647
7861500150,898389
1402630190,485015
9117000230,307237
7133300380,650182
4232400470,649673
1773100972,203088
9413400165,399616
7658600025,429186
6909700040,871362
1402900380,297990
6625910100,636008
3204900010,554630
5162100820,289482
5560000480,282314
1704900303,712512
8084900170,556229
2887700091,612422
4331400190,422195
3762900130,335688
52000067,451305
5430300120,650438
8956000460,617121
8856950310,405926
3364900156,279257
9310300211,229597
6448000020,429962
123039570,253597
7600065,610829
3123039171,565009
8964800445,605001
7857000732,360311
7525410090,507596
9541600350,400799
3186600515,699029
4123820450,528545
2505500030,634750
1541700240,331342
6629300120,331132
7399800150,457287
9517200180,310866
1313300340,757085
7967650010,367793
8807810090,305716
8815400670,592029
2310030500,513425
2241700075,239804
2287400030,295828
2827100075,231267
1310700390,274556
5498100010,359967
723000114,1073429
6431000987,276596
3356407665,285040
7852110050,623480
8677900123,366811
1917300260,405776
3396800280,563351
8691420050,758372
9368700006,472314
339600290,291371
1592000250,476972
1471701780,280236
8928100205,512810
5029450100,374559
5493110080,1042880
7883603750,388154
1732800175,284115
1518000290,422501
8604900017,457405
5379805160,453539
1254200835,310130
3179100482,318099
3313600266,230756
976000879,286907
8819900220,559657
2130701535,485018
1176001124,253427
7893805650,357096
3885806840,516711
3625600190,1058692
8562790150,818531
7348200115,337410
955000453,407972
6817810310,362515
4040400340,267047
1644500050,1045718
8029500100,583967
5244801230,324420
1115100119,320305
9542400010,345764
423059387,643208
4023500990,269639
7899800857,190932
2976800796,403325
1074100020,225635
446000010,442315
7942601200,526573
3575305495,540056
8691310040,804324
6117500430,911245
3924500130,736318
2028701075,234159
4330600360,234471
1324079082,446821
9268200484,374909
9828701605,589353
7518506715,478859
5315100277,595512
3942900115,395586
1561930020,423008
9510970090,448977
6163900821,315403
9510300220,616278
3869900146,158474
9262800208,836815
2522029039,708662
6865200095,286247
3782760040,654754
4237901250,242220
2891000610,259307
2749600095,235647
5422810010,785694
3629980350,730722
2459500070,323592
5113400364,301298
7533800885,570882
629410190,700884
8651431100,313702
7960100050,560057
1842200040,214417
425200205,264611
9477201470,254151
7905200365,239095
6381500635,287894
6052400175,357118
1236300268,280366
6072800265,952005
3423049311,325765
3755100540,343377
7852150120,377399
4180300050,376307
7625701935,166841
7132300550,488785
3025059093,1177253
8161000220,578098
7852011020,779609
2599200160,398341
5536500020,486541
2095600150,281242
8910500226,377953
1681400010,702099
1424069110,693565
5127001620,277160
7940710070,345320
2413300980,548383
7853400250,753961
9542801310,507289
1890000169,405252
2720000120,439617
9424400105,240550
7888780090,448934
3501100280,170709
3905100220,478521
723000150,656692
8691310980,738588
2297400250,374770
2892600056,274139
5273200080,426037
5145100460,370138
5561401260,544288
7732650040,530320
7504101280,691923
8581400345,345591
7129302800,798862
9551201560,270847
1546600020,345981
2648000071,281327
3339900640,271336
7853301240,494328
943100262,265350
7202430150,484325
3558000120,534988
3890600150,347791
7452500315,204632
7173700591,531017
438000015,549816
928000020,311921
3830700010,627519
3845100640,494537
6675500112,285693
1773100920,212102
9485940330,691575
5561000600,404043
1786830090,390077
2011000020,204656
8024200681,352614
5452301810,908387
5515600075,287405
357000135,1113500
2541100010,417795
1090000036,376807
3459100300,301965
2450000295,524220
162500015,327444
2592210290,777842
5101405265,433592
1122069019,861478
7501000220,479270
1310900140,286072
3298700941,198691
1972200382,197162
5100402764,399347
2623069069,557688
6372000280,267830
4305600240,490609
2767602094,267166
2500600289,160915
7203160090,543788
3521069146,931937
824059321,764750
9348700610,684777
7228501745,532851
6021503656,219547
5437400630,596312
2207100740,230228
7202000220,328503
629811340,706363
1324079029,323212
418000010,218304
6303400290,153952
4139910030,981534
3023039066,438064
8698600395,230537
2799800710,704004
7351200050,995639
8564860270,626137
2591830020,493180
4139420430,1542202
9828201725,524397
2420069604,458445
7224000315,329556
3861470120,869644
3222069151,626487
3869900155,195527
123039346,227836
305010050,739795
2141340040,631365
7504021310,529562
2436700315,456145
8732750100,567922
3298201290,208570
9241900150,493439
1180005220,402221
5540000050,295605
9211520400,414377
2623029078,485991
7132300695,486336
6430500219,257718
6084200100,392551
7140200280,267605
3904910610,587604
7625701900,244994
9432900560,699627
1388600110,281577
9126101201,338681
4224100030,401827
1109000390,676592
3336000296,371397
7504100590,583526
2025701060,432428
7527410080,575185
7304301045,219621
2591840050,823171
2767602490,258121
5494000040,521723
2473251090,281865
3825500080,424267
2309710150,749014
8901001335,579755
1781500435,254322
8835220200,264266
4037500335,282490
1338300180,1062138
7968000120,254792
686050100,601714
1180008315,353066
1657300280,454624
7856600170,657874
4154303125,627945
3295730050,425971
1777500090,625630
203600470,793919
6673050020,432913
8731980680,529684
2273600260,318750
1000102,356192
4197400005,591827
3378100100,282652
7856620210,688011
9275700765,514104
1246700136,312066
4239400740,185591
3306300630,288955
2524049056,970398
2023049245,320420
3210400340,269765
2621760350,640125
526059183,388168
8078460050,482052
7504110050,512684
3876312840,339518
9268850350,336046
8085400490,438089
2722059185,446884
3644100101,349355
1321700030,1020014
5608000630,1421104
825059349,879672
6083000071,254511
9164100105,293316
1425059145,265759
5210200184,472358
9477201370,339103
2927600630,892054
2619920170,544720
1560930450,711496
2896000510,316593
3034200067,539203
4025300360,298361
3362401295,240744
2391600555,194474
7550801170,226443
5347200175,199431
8910500471,222828
7199340560,391238
9266700175,195116
808300270,576396
2487200875,292865
8728100781,380687
5379804888,383482
6619510060,393464
5416500680,808934
1862400087,261196
2126049277,330377
4137000070,391375
8081500060,878133
686800065,323308
5561100180,535204
798000342,391622
5603700095,488466
7151700585,1218717
8129700565,319057
2782100260,679619
7011201106,203252
2423069084,455349
8141300300,708275
6601200040,393994
290200230,619293
1423900220,264765
7303200450,210264
3755100220,313506
796000235,264122
7237501040,935377
7203220400,560989
9285800275,478134
2061100435,446337
6414100025,437832
5317100750,1606652
6145601000,246159
5634500775,462100
7375300160,328362
9558050360,712157
4151800420,276442
3751600146,272895
5302400080,514543
357000005,684227
7283900306,406043
3738900105,262586
6822100305,271774
7436000205,289473
3295730040,428061
1526300015,279453
3294700101,412911
8864000970,294248
5469502700,392822
8078520310,282731
6154900130,190089
8945200830,261111
1085623630,408099
4013800131,247672
2287000010,699732
546000930,320281
4051100390,233480
7203100120,439206
7523850150,250232
3826000665,347452
1311800560,216612
2877102180,237867
3221059044,857146
9169600110,292856
9510920040,678744
8813400155,552042
3896100130,836827
2568200740,600788
1217000340,408119
6430500086,203285
5634500234,395957
825049073,412567
2391601445,549102
7881500330,246628
1721801591,173458
2473390710,336408
5634500891,246448
5515600163,434390
2560805630,226502
8078350280,587922
9477201060,281559
8827901350,611711
3560800040,175171
3034200370,421603
1328300040,393691
2483200010,333170
6071800480,487102
6200017,223925
8149600065,397957
3362400615,241066
7518502945,274448
8001210120,260252
8682280340,361363
3623500408,1545780
3764650070,415250
7937600380,357079
923000580,582227
217500005,349039
5419800510,250148
8562901250,520322
2212200100,282197
2310100240,593060
8582010240,601423
8651410670,272196
3330501645,333088
8113101232,398082
7849202190,360953
1864700300,498140
5231000060,274106
1565900070,459915
7555220140,289069
7518505160,216672
3322049005,514885
808300550,538468
66000265,220408
2880100675,206786
1524079156,418873
3625700010,1823822
3259400024,197516
3205000310,472170
807800190,299830
2783600210,355572
9290870040,652211
2561360120,339738
8857100180,219923
4388000070,400718
3860900003,401169
1176001119,256198
6084600330,253384
7985000100,208919
8026200080,553589
3210600010,291603
7558300170,407973
7852180340,504755
524069011,610997
3361401011,164423
6117502455,358990
5602000025,412162
4142450490,455514
5306100255,309068
1795900120,502427
1193000280,481093
9238480120,514944
3630200780,812332
1250201130,525227
7796000095,602258
8635760040,471700
9476700135,477341
5249804510,566750
40000553,338462
3204300625,717679
2596400050,337714
2724069103,338238
3744000040,764248
7525100590,248982
3705900292,370432
6169900790,673286
8127700735,478177
3761700067,983844
6065300570,522070
4022902050,384870
3886902590,406683
4107100190,1054316
2909300150,645236
384000135,457008
1005000036,457584
8856970530,483633
3448900320,620139
6713700100,311272
2260300060,706079
7273100026,545249
1277000020,532749
2620069113,556857
4166800080,604525
8731902680,493408
2599200830,287175
7569500010,351937
1825069031,577764
4443801495,301466
7805450110,716251
3345700207,747574
1560920450,1353529
3629950010,468331
3782100035,247857
5561400340,725242
1898310110,471298
2122039094,1043620
631000040,346855
293000145,217703
8121100015,403929
3205200430,470174
2475900565,271627
1651500040,878296
3955900500,419715
7907600100,322661
3123039136,333091
3972900735,223425
1424059130,428356
6792200282,279628
910000104,240795
3751600784,433688
946000295,218786
7749500070,426462
255550070,448110
5151600340,242889
5415300060,446676
287000110,346635
7585000110,246743
8121200460,468156
6891100090,706764
7575600100,288407
4240400140,302939
4046500510,409422
2944010240,893984
3449820380,819799
7203102140,298049
8665900291,530809
1775930010,421463
1118001631,899645
8911000445,193580
117000100,267454
9284800085,257710
2795000080,421993
123039207,243102
1312200080,230435
1236300290,972429
7549800168,479080
6891100260,684131
6072000910,639012
3226049184,363199
1442880320,633314
23500190,463332
6021502070,256682
4168000110,334202
792000006,225368
9558200210,308938
3840700757,460867
3876311650,483266
1328320800,399643
5006000170,310765
7575600430,237015
7686202580,257310
2524069097,1957013
4292300024,293859
2726049071,264360
3526039019,360810
3300701365,238374
1274500170,400802
7282300095,240151
8562740440,741534
3761100045,2489367
2877104265,481726
7940710100,396110
6071000030,481595
6448000100,578972
2923500230,3064491
6751300375,457093
7214810350,468417
1088800470,490307
7129300420,370552
6149700405,256953
9521100855,224892
1861400116,302315
2787460720,218288
6073240060,728793
291310100,479608
1247100035,700028
2626069030,2790237
1326059085,523327
6447300265,1878036
8651401270,293277
3524039209,603137
3226069049,860600
7548300425,362226
1438000360,492966
1777600900,682257
5244800695,225763
3387900390,260783
1954700615,857833
1026049036,250033
1683500180,271261
1939130420,492303
2021200530,504172
993002325,215320
2780900220,435142
2540800390,344638
2919700540,297599
2787250090,680030
8651442520,545763
100600860,383625
1437580480,872196
3886902505,366611
173000140,308718
5151800045,502824
3010300240,284177
2085200261,489572
1839500065,473117
1049010300,336844
1328340540,341465
8887001625,517537
5332200320,665973
7137960030,307796
5468780250,675748
2436200715,466832
5137800030,328792
1068000520,526607
5379805121,561108
7445000105,194746
7942601895,716157
1727850350,819732
9407150310,538262
5569620550,551350
3179100480,366096
3624039111,162065
7844200050,454550
3304040020,382572
7739100155,580868
6099400053,247372
7468900270,235327
396100025,328917
1160000255,389177
6300000320,298027
6392000570,264427
7387500235,204656
1121000058,271845
9828702120,545428
7715800310,333724
8562740370,822642
5637500070,218764
5561400470,603614
1189000205,446094
2412100025,411040
1073100065,238311
5160300020,320055
2770601677,242176
5104450070,536259
820079043,706351
751000190,361599
1823049179,403981
7430200060,1096012
3331000035,602290
1775910370,520557
3626039299,260175
1546600125,373293
3260810150,315278
6817800330,246956
414100045,337295
1326039061,315356
4055700030,1123112
1225069038,2700477
2296700260,359309
2822049160,219841
3395300260,274924
5144000036,343237
809002290,365661
7334501410,421347
421049114,187343
2623069010,772471
1133000144,535649
705710290,549117
7313200120,551552
1269200150,381902
9264930970,534507
6819100020,937084
5112800421,227374
7846700850,326725
7227501450,385195
5451210150,676251
4140900140,379521
3537900180,289037
7738500475,374293
3541600450,523280
5379800040,437791
6664900330,437888
6056100312,348472
7766200013,615835
8651720470,395775
5690500095,679733
5423010180,790250
3204300610,463929
3425059066,299526
7856660130,945467
2954400520,822930
2327000110,862867
9526600340,517706
7695500200,542324
7237501180,996917
2008000550,252919
1123059126,702797
1775500371,741495
3459900230,1668592
2619950310,664505
1771100330,337782
1321059097,705736
2420069278,474565
3832050570,580539
7132300525,471300
8691410700,702512
7967000150,314152
1328300810,466978
711000110,526068
9485951460,936869
1771000970,306147
2817100900,359232
6817800630,335284
3558900450,391082
7215400770,641703
4222000320,199716
2791500270,430527
424069018,693482
9547205180,619063
5631500947,480807
1425059193,855616
567000775,483754
3904900610,482510
3649100346,320138
1624049228,433783
1559900080,456079
2919702040,317681
4013800206,199727
1025039292,560649
2771604640,326601
7203600550,213936
1545802830,455495
3303910010,513061
8617000060,566448
7889600190,322368
3325069064,363095
6300000337,414752
1172000150,164624
3348401319,607396
4188000490,718573
7779200355,746596
8029900110,423447
4060000290,309453
9475710040,374377
798000535,308760
6415100410,362227
4299700095,354029
6117500955,539912
2421039075,469243
3362401935,289415
1545800205,496610
7645900235,357610
4141000060,1157863
9485800050,406231
2436700280,758412
7335400400,281924
9294300495,714989
6649300190,350388
7950303270,384826
2391601010,204827
8129700728,279021
7871500685,322072
1498304065,611964
3862710010,487202
9209900335,514152
952006857,189691
2322069168,738716
1775801090,485585
5700002165,564803
4029400080,298696
7796100080,411785
9279700150,1071537
3876200060,306051
2934800025,436568
9359100101,468791
3330500335,329285
4027700466,299513
3204800430,544761
5415350770,726978
1443550020,667808
2810600022,174986
1238500281,334892
2591020140,342449
7137900960,268429
1328340630,328190
3529200190,336631
1624049291,800078
4083301120,288304
1873100060,533129
1773101159,177866
7214700350,515969
3856902250,454795
7169500130,387678
4038300010,201322
9578500810,686947
3345100184,586534
452001860,238881
7905200037,256530
9376301110,258742
873900240,263345
8682262400,343312
7227500910,309747
2392100090,225307
3221079050,659050
4307320280,344603
3211270170,930533
726059483,512640
424049043,714368
6865200140,273472
1155640050,336977
4139430250,1333326
818500100,367265
7999600180,258942
4099501215,305701
4046700140,500349
8857600490,185983
8677900120,345852
5379805253,313410
9211510410,394620
2337000150,489915
1423049029,465339
4036800580,259875
3942900010,365836
3438502715,252285
7625702441,212481
3905100610,459907
2218000335,446914
3034200516,309795
8024200625,369179
8564500020,264678
9550202700,459489
7518508625,240438
1822350070,315621
8921000040,770405
6648150090,696687
2402100675,554440
42000127,472801
5100401160,424212
7347600507,328571
1839910300,271628
1250201550,719822
9460000010,492946
3356402232,234815
6819100150,272800
8645501330,251735
1556200005,915162
40000228,197025
7300410010,409692
4299000030,770566
2629600016,403457
662310900,651042
1909600046,317717
7893207490,332652
2524049318,1374547
924069210,679591
1591600527,233891
98000060,1002932
6392002020,474633
2719100400,245772
8018600655,572897
2141500020,457226
3277801580,329487
7237500110,840372
626100023,558066
4319200820,185330
1422029138,645968
9517200610,311584
7334600280,322207
8820902400,518155
8944600060,299350
100100050,261604
8074200100,288689
1836980240,735815
6648500440,310182
9530100225,374123
2883200875,475528
4218400175,744819
1022069183,914282
6398000171,665715
5021900160,256565
8078410250,407431
7972602490,221864
1962200435,624857
7221400285,417155
273900030,266272
2708450020,454993
4083306616,184587
3034200435,485512
7855000550,1005519
871000155,268835
8024201714,471096
2625069038,1065653
2324800350,596163
5450900010,1040746
1822039225,783488
2460700700,302948
6679001060,483276
2422059111,634898
1250200345,345798
5589300370,270387
2021201000,864666
4302200336,186049
1328330290,411490
3438500781,271876
5453700020,627988
123039147,284679
8691310070,892208
6450303785,289425
114100234,381844
9212900820,407254
4270600025,441375
7201600190,325332
521049227,1119499
6300500479,330641
1432600100,248809
1024000109,192000
1430800100,409976
9164100125,262409
1925069183,282209
7852160080,1220050
5317100780,991168
4083304835,228194
9478400080,743855
4463400195,239511
4232901525,200893
3845101070,512003
1843130980,667836
3810000480,550765
7137960440,321726
1231001115,406827
5101405340,463267
3723800409,574612
8651430370,316738
6135300010,215110
23520380,385262
2935400100,290906
6137500320,623165
7841300230,520674
3521069051,698003
2621400080,303394
5104530240,557796
2022069200,804824
5469501850,393616
9206950110,198347
3298300210,205849
2810600015,182337
7298050090,815118
7202290620,347079
3211290370,394333
1591600506,267522
2827100070,284454
2482410130,362685
4364200125,252847
6388910730,705368
7436500120,347503
1822059156,672170
9432750190,646588
2205700405,429613
6056111370,365552
3205500160,331636
6139100076,311342
723069135,517388
4123830070,509713
2472920740,798930
6134500220,444479
2734100395,259101
3574800090,374680
3126049107,446794
669000210,1023371
1139000620,168153
3825311190,571738
7300400320,413677
9407150250,440480
3679400503,311704
641900050,357302
9169100130,277461
8091800140,458282
9547201155,450332
4154302045,304992
6638900265,380665
1423069063,395212
3335000025,429692
9269200650,149449
1781500180,194312
9211500520,396502
1853080150,740229
2767704756,206682
2206700295,436093
2557000380,559780
11520200,619273
3832710680,231623
2569500210,349894
5230300210,228406
6447300225,735596
5035300325,435154
7853301660,920161
5411800250,209235
7203210170,452327
4302200415,231033
7942100290,466606
3629860160,757786
1423069076,551321
525049085,534688
3306200230,417741
2193310300,400898
7978800621,450332
4027700632,410026
1761100190,405529
2749600245,257302
322069141,456177
1900000035,209405
3361400190,207853
1604602050,579097
9421500160,451120
7788400180,252214
1566100625,434954
3861500340,324261
2524069072,289486
3013300980,236584
4191500130,357077
9407150130,461829
3904902500,648857
9510900140,399998
3368900084,262237
3432501415,251231
4254000540,671021
2767603250,287716
2923501130,666800
9183703045,269929
5279100675,317802
3905080310,519317
2461900375,320848
3346300356,719915
1865000110,408486
9264930400,546414
3447000100,549479
2313900510,309975
7518507330,332203
9368700270,319523
1137400420,381157
2023069054,311207
2141320230,608064
9536601295,267939
2424400130,391606
5210200081,442696
4443800785,265565
7292700005,449883
9834201205,313853
3275800050,366918
6926700654,292757
7511000140,1071656
6821101895,294265
8964800695,339703
6821100195,363016
1226059105,576915
2806300070,760076
1720069029,539025
6384300020,436480
8928100125,521492
8562770720,549517
8650300130,529826
2126059172,410703
8812401450,661436
6646200280,486241
4021100045,479570
1155620190,362623
6061000010,775830
3362400472,217908
9558020240,703017
7309100270,283782
7137950210,357026
7849200635,237012
1311200460,244395
284000095,903266
1509700050,336826
3438503014,164572
9406450090,569892
5096300140,332159
8923600020,1144638
809001070,261547
2291400342,272037
644210020,357366
6700390090,277266
5631500285,624738
104560120,492655
6413100311,392384
2558700090,388347
1471590060,411256
8914100170,884345
5652601035,263359
7852120140,919434
6163900952,330525
5215200050,1261304
6352600490,559987
3912000020,271184
8830400135,228192
5467500040,361452
9406570300,675975
109200390,398829
2025770310,615393
1939120450,492124
7524900003,2617698
3755000120,268211
2473002850,719461
7625703945,166634
9477000190,334717
1727500230,333452
7011201087,264835
5561300750,419739
3969300030,261442
8097000330,359836
2025049064,688750
985001321,265827
1775500050,390087
8849300160,503648
2316400285,593010
2423020180,425868
7128300500,504452
9512501400,221830
7200179,284446
5490210670,392653
9527000330,453008
1972200326,230274
4151800195,282519
4046500320,431703
9834200885,501556
8161020050,757302
2891000750,225488
3426049031,1197207
7387500195,200287
6303400395,113717
638100015,361607
4107100204,1171913
537000255,233299
985001266,364698
1137410040,474908
7229900250,224469
3905100840,512453
8100400160,386308
1346300150,2032211
1443501020,271373
5490700035,265107
1954600050,623913
8122100690,294078
3663000070,474951
5101406375,424952
426059055,542937
9268850160,354776
8731800840,487327
3331001910,317650
7603100020,393077
809002705,333033
4364200075,188001
1113000430,189450
1176001117,275316
3320000212,426431
9286000150,1116815
301400830,272595
425059024,495205
8835350300,438329
7100000135,197652
7696600240,193058
9808640320,537854
3764500180,417216
326049060,489868
4017110200,363830
7224500300,346247
1560930050,882874
726059395,357054
8964800890,1424385
4045500620,989569
8562710250,1029307
1775800710,269402
9528102865,593447
8096000060,730154
1591000015,196365
2310000430,481002
3902300350,443695
4068300280,460737
8732130730,448201
6791100410,430927
7660100236,455538
2568200070,678149
7697870310,286226
8562901100,556526
4016800120,319389
7338200180,678442
6791400320,479648
616000200,607987
2917200675,267173
2926049086,477640
3621059048,879695
7987401095,387736
5589900590,282303
855700170,439928
4030500130,326249
1755700060,339110
2413900050,540336
2489200250,197073
420000085,318466
8106300820,686433
8651730580,384330
8106300090,723321
9842300095,232752
9477000280,322057
2877102495,198382
868001030,466907
8564860110,734501
6762700452,477561
3294700310,249541
7231501665,370930
7525900050,459819
7882600326,679197
104550690,525570
3425059076,764978
8835770170,2484334
2581300010,1103526
844000180,462020
7888100240,232525
3845100670,546214
4027700812,426063
291310390,367241
9550200370,262217
2328800130,416165
2372800100,514633
2923039264,786380
9282801720,479940
9520900230,470763
985000955,279975
1099600090,373313
9211010320,574467
3825310820,627549
9545240180,566231
87000245,204778
5041300100,259395
3624039150,168351
1370804430,223651
722079056,623330
9126100815,531353
1770000490,320434
3995700250,332318
7214820400,383659
2473411130,428030
1824059079,396664
3080000030,552068
984200540,311676
524059063,845998
9482700475,308710
8024200820,431007
8568700015,260683
1223089050,375722
2205500400,508894
1279300085,524389
7376300085,239440
322069020,379929
291310150,399641
724069059,2020489
5255200220,350072
1931300850,202787
4427100105,325423
2881700231,308726
8641500280,272002
5406500440,654182
8078390150,689187
8945300090,288934
8819901030,652844
3179100220,592723
2126079046,493763
2621750350,611268
4014400190,456779
7853420110,757569
2114700368,206971
3438501081,166136
6850700670,652016
3352402272,392247
4157600150,608544
8151600941,232868
5160300030,320714
3820350120,431895
7338000800,203880
3359500110,592012
8016300240,377000
7203120050,538564
3322049201,232435
7231502505,418797
8106100105,2415000
3895100039,552857
1001200035,335275
2724201202,179207
4038100110,276345
8827900015,470484
2644900109,347448
302000375,283724
1604600095,390510
2600040160,584380
2129700525,552783
603000555,417634
4083302225,362818
7298000090,694555
2484700015,295003
8945100320,289489
5112800042,394339
8091411100,284492
7375100070,257017
7577700061,288565
7923700030,238868
4235400186,253737
1498303700,880863
3876312350,367532
3797001815,233918
868002015,761741
597000550,506199
8956200530,531153
2207100165,260530
7942100180,456840
2468800040,616755
9842300036,222187
5700003985,2117651
2988000070,267140
8857320260,294632
2600040130,509655
6632900452,514012
7518505910,259706
1672000170,570594
2597800010,300041
8562790720,823124
4219401080,1515532
7000100711,435314
7954000125,604097
5700003640,2224267
5700000275,811792
4019301205,437282
8943600360,276922
2954400400,1107349
1321400060,456628
2255500123,597537
2781260070,789648
1313000220,414673
1125069153,1174521
8899000310,298942
4139450360,802003
5511600315,215338
3575302575,403899
3226049054,434789
274100090,300185
1545802080,433090
6669020500,275208
3307700405,209780
3760500407,1243540
7853270100,798896
9320350020,757284
7715800430,333241
6791400100,577923
7708000010,469770
1448800010,270925
1782500035,188004
3449500050,477106
2856100515,391345
1245000461,603051
1219000043,423814
5409800110,487881
2680700010,428857
8143100350,260579
2597150270,270073
2966800010,418050
8854000010,619590
2207200635,251365
1722059222,294682
9358002305,194790
6392001950,416980
3630080070,379924
3797001702,392621
8127700440,309346
1446400785,253094
5016002275,819717
2818100060,644954
6431000748,227898
7972600450,234810
8078570380,303122
7889601320,268672
1762600280,552727
3026059085,1066847
3475000080,264370
1370802620,225674
5151600285,249612
2722049218,303929
7696300080,305583
4168100020,387464
1474000050,312856
2473480350,328537
1139600270,522580
6699940120,613783
7016100120,420124
6752510010,664889
7915100490,310283
984210170,331957
6159400030,368370
3013300968,203148
6404600006,368053
2770602170,188403
1922059401,201349
291300010,374905
3856905185,420604
7304300905,220321
3416600185,582896
1786810040,425153
4354700010,409963
3902100175,465113
4305600360,573787
3622069114,841009
4376700570,364648
6795100589,468420
3344500085,638812
2206500105,432452
8731900880,629547
1682000160,236221
5104200380,320522
1982201595,243370
795002190,290837
7228500375,547891
9412200280,460460
5071401000,710682
597000566,415159
8151600101,129539
2028700265,213033
1670400090,213063
7851980100,1447456
5595900345,929288
4046700300,465877
4324210120,282465
2616800050,510446
1525079069,1022071
9828201020,579846
2723069146,616657
9468200100,296002
2883200961,447751
1137300690,635620
2473100280,356142
723049448,325265
3066410810,496580
5700003280,1053389
9268200440,220199
4053200410,880382
1234000704,591728
2473372170,597062
2523039239,349167
4324500490,213466
238000244,637466
1105000571,436230
1771000430,264943
666000142,372043
3389900800,249161
3578700017,522907
3629970190,691897
255450250,507759
1154100205,283122
3629890190,1112233
3905080870,522452
8155820110,463768
5135000170,367598
2464400435,495247
9482700080,235758
318900080,450403
9477001410,307854
825079019,1035334
1471701200,334044
5606000120,633715
7853350220,673973
1776460110,577152
3904920980,656161
8087800430,305815
3298200320,247311
9122500080,287236
7893804845,451067
1370803730,203744
8001450170,308278
5561400260,601388
7308600010,609443
3524039060,165207
7300400150,397186
207700050,491274
5595900355,501187
2652500285,300349
6744701310,1902406
525069127,1290706
3334000050,441544
8682220390,469673
4038700380,332682
8073000265,666910
9521100960,323927
5634500688,662609
6813600440,331569
1072010350,791145
7853301700,809763
5141000571,318828
2013802060,609111
7852070210,1626233
1402970070,357412
2310040020,560735
646910560,338189
6647400090,376045
8682231110,397216
4376700330,309718
8069000075,1388120
7147600220,335094
4142450330,432231
5101404698,369992
6154500070,846266
1592000640,485512
3756900027,444810
7203220130,570059
643300010,258908
8651720150,403664
4139400910,708624
5054800110,295706
8835200330,323285
7682200340,224637
7203600745,351598
1895000260,353899
7922750020,377264
5437200050,655417
8732160250,446512
1442870440,615531
1471700410,308194
3204800330,475120
1923000160,467545
2719100013,207552
3814900380,360515
326049038,482855
1068000110,333462
8835800010,1370974
1560920200,740111
1668500090,555515
2597530070,765819
1139000035,380255
8032700072,261637
7732300390,404876
5130000080,479137
9276200890,199227
342000036,414519
5126300060,546463
2331300505,357508
8651410090,332061
200800330,403011
7520000616,373234
7170200110,381771
3021059155,255667
3582900280,1220050
7340600845,335555
3905040060,502182
3224800120,406129
6021503740,242999
2570300130,338575
8121100395,477439
3356404198,341541
3630090050,717371
923000413,370212
9201300020,1451503
1777600210,586388
7738500731,4629604
686900010,409870
7967000160,305170
3413700130,339080
7852190290,648276
1180007375,1024208
3353404510,402456
7802900380,327893
8021700715,490568
3205100080,551074
4477000290,652987
1118001645,944196
7979900806,220231
7228500415,689364
7212660640,562160
3826000735,248977
7714000250,764506
4400200057,578887
2487200279,345304
7140700690,680659
3304300080,785064
2887950110,262257
3760500222,505079
9269200786,237355
3734900110,329693
5045700400,493550
2140950130,828323
2612000200,549988
8563300085,332864
2425059173,381275
8091410930,270598
9422400035,327093
1112000100,677752
1323089056,441921
5015000596,740049
1535204165,617369
1438000430,486819
3222059130,535791
1982200330,311414
6624010010,241433
2303900035,3546522
259600620,263960
6072500490,590267
123039633,222110
8562780090,336399
5249802240,629530
6071200400,616979
826069002,406676
2625079030,868730
6742700210,906398
9253900408,1329934
2560803085,198333
1237500540,263749
425069020,904624
9185700440,1650888
8656300345,426952
4245400045,402904
9834201370,432806
7853300770,419620
9551201295,232936
898000220,501950
3834000720,241799
1245500690,496561
4083304190,338460
4178300080,467274
2960900045,313861
1446801030,249552
7855800910,659651
7853310150,746185
8732131090,533243
7967600285,462138
8651520510,426016
5379802650,329717
1425059174,293715
627300105,868162
3124089049,597559
1778350270,651573
8691500410,487615
9169600043,259840
100300500,316828
3221069054,1105190
4443800385,253324
7922710450,425962
7880020030,652183
3288020050,559403
4136980090,1105711
1687000240,433692
7812801785,338911
1126059144,554412
792500260,499683
3222049055,878560
8635750090,691010
2767601280,368192
5347200162,169526
7503800210,435937
3394100020,502167
7663700783,400663
9454200030,562966
3791500050,278729
582000185,272513
3211230260,929056
323059103,353926
7297700055,279295
1545805460,432361
2341800195,328519
6648700150,239837
3860900035,647576
1980200236,589712
1180002745,502705
3275890310,532584
6840701100,510596
8651402750,338853
1588600045,199526
2422029094,384113
1702901500,343968
3755100005,360576
3624039074,189469
7950302995,452765
5273200060,484635
8025700460,261369
280610020,842748
3333002450,340210
7379600240,287316
4058802300,506577
302000065,199158
9527000180,409940
3626039403,204188
9510900360,451271
2310040230,619237
7308900490,497692
2206900065,262568
324059161,628499
7345310100,325757
2422049107,313508
8146100095,271383
87000283,402393
7937600010,257861
2618300350,281440
224069102,459771
7129302095,395999
7352200025,1318763
6163900333,284456
3528960020,596619
1687000220,422156
4141400030,564110
1822500160,463004
5467910190,364459
9331800580,284407
2407000405,255527
5466700290,259234
3026059361,418082
1523069096,400972
3876312010,346019
8832900135,689083
9238900616,256454
4142450040,434318
9282800065,395599
5379800862,431987
2459950010,263011
4435000520,351194
1552800010,292701
7549800543,338295
9828200460,397136
6345000160,585088
7129304105,535796
4302201005,248431
2450500110,287257
5166700050,313412
1085623710,405241
1123049129,469318
8566100200,827166
1774000780,479669
9492500170,532333
686530530,347562
4022907770,637910
6052400975,243576
3438502501,278886
3758900023,948897
1645000580,571008
8099200030,242693
7635801371,562950
3456000310,778521
2025059150,330570
2624039114,245364
3348401095,550125
6633900170,350591
2600000510,703549
9414700020,353156
3204800520,481167
1844500025,242298
4137010590,500099
8564950280,478504
1338800491,790146
4058801702,1170876
461004720,292270
3123059107,889442
6819100380,231517
1193000390,465660
3450300270,326575
3110800040,272372
1437910090,446568
3645500050,386758
4338800600,295000
2114700530,202762
6381500450,302819
9206950200,204645
4232900940,239497
1025049174,784103
7774200070,717661
1231000310,480021
8155870200,403399
7935000625,507299
2426049079,222478
4037500230,278022
2331550120,323808
7974200765,386009
686200510,328513
4024100670,379797
3834500195,520912
3526059115,483269
7950304075,327916
1386800054,468753
9834200165,554568
6147650300,766537
6891800360,505087
9170500060,487514
65000260,493319
7784400130,661306
7941140070,280537
2122049096,161495
6003000851,283205
7203220050,594785
8898700960,316054
5245600105,308634
3530470190,191311
7883603965,372196
4022902505,428058
3211100240,318041
5119010090,343963
3821000100,250856
7301300050,360806
2171400197,588377
9471201175,1127285
2473450200,418645
2258500045,422988
1139000400,281703
3298701025,159204
1498302774,286343
9276200190,262277
2909300240,620904
1250200693,648001
3101500010,332681
2557000630,531501
1324300091,214677
2826049260,443162
3342100421,807685
3524049083,542758
9103000393,1102541
3121059033,291849
7853240200,726980
7950700120,613485
1822059057,161305
1219000473,406236
9272201385,314697
1336800185,1029631
9268851630,447012
2788400315,373617
3529000930,573174
5631500967,419570
2188201010,446574
8562970040,610321
4415600030,449821
2473251170,272853
7511200020,447475
1163400020,521187
5412400180,259615
255450400,539754
1687000210,433517
6749700004,172506
2738650030,491171
9136100420,343726
1924069115,798295
714000155,465102
904000045,253603
3395070640,338842
6308000010,696150
2695600130,186012
3626039279,190995
1623089039,340901
3438501327,234128
8118600025,248053
7625703435,428297
1807900300,414110
1862900360,297603
2768100186,231409
2524059269,775722
1126059108,817905
7856610130,703012
7203000200,249845
3630120700,717100
1612500090,225685
3586500620,653756
5207200360,365213
6675500035,332314
1781500385,215028
1150900080,720602
9541600355,388544
7525530670,727400
844000375,543684
9578140180,588369
9558041130,434627
1788800910,303605
9550200225,244691
8643200055,232334
6143000020,377814
8941100095,578422
3630010020,440492
2895800610,291493
822039084,1420690
5423600080,508730
3992700775,433782
3816700150,365637
4083302485,347409
5127000810,399997
1725059182,574176
9485930120,743472
293850040,693364
8731981940,558734
3330501545,312051
1026069061,671797
8121200710,448702
3764390100,360735
9493200010,268902
2902201301,428807
3444120130,771459
5256500025,458818
4022902715,470433
871001500,334162
2329700440,316687
1773100275,165171
7852160070,1326835
2141330560,631243
2505500009,506391
8647800150,647935
4337000200,291674
9264901680,395555
1773101050,184237
9320990120,439803
8856960280,480611
5589300585,253204
7935000595,550339
7203150080,451771
5616000030,497458
825059178,3486640
6666830390,570755
8732900840,547977
2095800520,461559
1771000760,352136
1901600090,528736
8857600680,215687
4038700830,344808
8956200070,496576
8081500050,948042
567000755,495206
424069264,614495
1564000410,783275
2817100910,471096
3303960080,1102106
3340401535,323033
1622059095,272386
3278601940,243513
7202380120,335203
745500010,593112
6608500220,315275
8024201055,313965
8929000140,404741
859000160,270509
8673400061,201793
1269200229,2106442
6705850300,745904
3395040550,326194
1697000370,191490
5245600120,360698
8892900180,238722
1794500360,215656
2025049192,427774
1930301325,471571
4217402162,1051615
8126300410,431905
3345700215,880857
2887701420,376024
2887701251,390958
4036100175,341346
6762700515,907023
3192000085,238964
226059096,1196405
9238900855,262605
6706200130,541297
2744000010,239993
7202271060,483832
7923200150,550497
162500030,253399
2571910210,486642
1523059105,336250
6052401215,231046
6626100260,705448
8925100115,1025832
5459500165,306922
7686202635,253674
1118001370,885218
122029066,511687
8039900130,397133
3262300235,446651
8860500300,607961
8956000250,530161
1646501920,253202
9284801500,264429
1442880380,588881
1311500020,255755
254000695,213178
9477101280,301083
9510970530,451611
6891800500,554507
9407000230,370866
7202340590,532313
8151600590,239569
9407001600,393436
1771000690,293829
1525069134,1036699
8645540040,303851
9414500200,404069
7883607645,277322
3845100140,442995
2726049164,468474
4340610040,201144
1245003006,583753
1105000373,299307
6083000123,246991
1777600450,591137
9558000100,635317
2473002060,372089
943100689,422371
7544800395,450650
1931300090,297313
7936000252,234023
7987400316,164302
5152700060,698648
1721801025,278639
3438501450,153058
9222400510,299022
1796700160,521237
323059208,304758
3392100050,337750
4038500210,484999
6324000090,199794
7549802535,501643
3343900326,731734
5701700640,770606
5249803185,437814
8838900032,464453
1237500577,713465
8642600090,290301
3303100075,411050
2133020020,604235
7950302890,451901
2770601734,282719
2538410140,373000
8159600360,469110
917000300,207975
2391600330,145456
9285800585,278129
2005950050,340174
6450301835,278224
2473480520,360060
2818600010,514068
952006728,194851
3422049088,306634
3629870420,950031
1079350090,325514
1509500060,414965
4039000050,295762
5288200230,352070
626400020,673204
5457300095,778273
5000500055,251303
324000530,211151
6713100031,345067
3316500200,298206
3124059006,1270847
1125079111,2665611
7852020300,578259
123039364,186538
7883603190,390970
9828700900,494906
6821100015,321433
9522100375,262667
2420069201,502865
7504110330,620902
475000510,264698
2425059074,522719
7518503685,233074
5466400550,225115
7852150720,484760
3066400140,567234
3298400470,274497
2902200874,569000
9500900110,262199
8835200160,310808
6056100295,302445
1858600042,361179
7224500010,503277
5457801925,391425
7575620750,227654
2391600735,242587
6192400180,615497
5249803870,537965
3575302880,333023
7225000045,364876
5561720180,265765
1972200428,254495
892000025,235864
2944510080,513726
2428100100,727474
6647400250,357878
121059038,781646
6398000191,672173
526059103,278011
8856960720,487719
3832500260,254293
1623089025,467810
3625710080,1278528
6446200060,610682
5706200370,473886
5515600088,217171
8029500360,568655
6700390150,265097
642500080,417050
6150700264,292140
2473371780,447996
3905120540,557942
2652501215,323090
3176100110,562541
7574910650,712575
6385800030,407342
4443800960,241101
8731951490,535606
3380900125,264664
9828701508,523828
6699950310,637225
3321049112,466358
1824079052,790727
8032700140,434841
8679600150,438521
5040800120,420092
2026059119,321477
4024100951,452308
7212650990,596914
936000060,402256
6181500340,444661
1137400050,416851
3324079092,465419
4268200055,394238
6145602240,230205
475000176,207060
3279000120,437724
9392200030,247078
3438500714,256321
4306500070,400328
8588000610,329550
792500190,509441
2461900850,226038
2660500365,392832
5451210100,670417
2787000040,422163
3278602670,181167
9528100899,500222
1324079085,302373
9477001140,319953
9521100880,308031
7853210060,426665
1326069094,696013
3420069065,642915
5468730280,630922
5437600140,337440
5127000410,346260
5445300050,266587
3375300360,392514
9297800165,294260
6021500840,342401
4323700230,375240
643000110,403473
8043700105,2358068
6824100014,245582
9542830480,477348
736100065,1062727
2592210510,804017
4233600260,974874
1266200015,237338
2787700060,344997
8843900396,302192
8029500380,493266
5292200010,493597
1773100980,229255
2886200070,256893
8594400110,708366
9268850180,340401
4141800285,1152981
3188100007,354096
1796380960,522343
7202330030,360996
8078440140,396508
7983200060,196736
4427100025,342491
2113700510,205208
6446200305,535843
3425079088,695752
3304040130,325840
3222069153,623075
5127000470,339061
7525100520,236980
1868902745,729465
2920700220,178323
1105000780,475388
8563080020,522964
3630090110,770687
856000195,1170906
8649401000,358641
1315300095,377947
6802200670,542347
1523069022,267540
2624049165,465742
1972202080,327320
7211340030,278277
8850000180,435393
2787250080,641675
4235401055,242021
5226500250,491670
3294700421,377027
322069180,620693
1025059186,340193
1923039022,590017
1402600110,461773
6817810190,338804
434000030,562772
6056110460,771185
4337000285,266189
5710610250,575403
1049010620,258239
5112800234,324844
2309000060,716310
2985800030,304112
1604601570,410394
1563102435,414211
257000105,237355
6788201440,690621
1442300005,339598
4055700784,605154
3889100029,507238
4139450760,982125
6079500230,559083
259601010,206848
3980300020,298749
9390700100,433558
7200001005,333028
9264920250,509263
8682260470,362496
4083303815,313910
7383450250,571123
253600180,341658
1450000210,226814
1133000100,484450
7511000050,988386
5710600030,552030
4178300310,430923
3041700570,355691
1238500978,263015
431500155,493434
2937300050,690447
1352300315,372898
3277800823,230212
8895800110,751475
9274200318,296911
1118001805,1362390
629810720,735153
6852700476,605425
7345200650,290132
8929000290,479313
5506500170,626279
8899000140,267515
4006000423,289110
7137910140,263613
2423020010,296422
40000362,229197
1657000070,232423
2124700015,285054
1887500045,301350
6838000170,357416
1310910290,284759
3599600276,257121
8142000080,269428
8856971000,401404
624100950,756569
2767704332,227785
405100165,339573
6117501755,571437
8961950410,431318
1523550480,346150
6840701160,699490
3331500650,333033
1862400517,219941
9558021000,454147
1310800090,218311
5104511040,556135
522059189,217154
3448720020,339982
1310700330,237346
5649600462,377167
1853000510,908013
8128700005,183178
6352600210,669575
3754500010,646981
1962200475,721311
1773100765,136039
8895800200,734910
1310900260,278164
809001525,340718
2624049103,384625
9191200380,563105
6600060120,336510
8150100045,167988
9558010190,445741
4038700930,352084
2883200775,489543
4036800910,270857
8673400177,287307
7110000068,724036
3279000240,445288
9545230280,484560
8815400105,501614
6738700075,935422
8732030490,491720
9532000070,464889
7752400075,241939
3824100051,302205
2768000270,241637
108000127,308508
844000225,480951
6817850040,1114439
4447300137,418995
8598900125,310604
5072410070,647591
7129300520,484138
3830210020,189570
4137040250,406683
3022079080,870002
722039087,309000
3924500040,885844
2473381090,375496
2201500490,376221
9265410090,268882
9286750100,335292
2023700040,226049
324000280,247854
3814800280,379596
7697100030,441322
8731900790,562687
8044700010,296261
6123600100,290933
1450100390,216447
579000550,266418
2459000020,288620
5016000315,418214
1193000190,340439
4038700730,336602
1556200265,784112
6600410170,416846
642800130,615753
1043000100,359833
7809200055,230462
7010700308,474013
8680500090,472292
2719100355,338991
7905200147,226070
271200130,224196
326049103,429347
8682211030,326143
1070000390,458053
8648700450,617763
2695600410,244597
8562710640,960388
1525200060,465045
1822039138,1616979
2767601375,262216
3425069117,1275429
952004570,159042
7625702616,163809
9818700430,522985
2822059091,273465
1775900220,322255
6371000079,361361
293760150,782926
1336800880,1103764
2771600550,433074
3905040040,477295
7787110060,573326
7708250040,354766
4022901316,411192
191100235,441465
7852050220,382139
3293700480,403817
2597450620,1283371
6169900580,684363
2767602855,359869
810000080,362912
6392000625,369540
1865810290,315585
1568100380,279521
5249804760,314838
1337801060,721108
6181410950,367406
9264900660,546982
9122001231,569154
4427100030,290216
7334400070,373406
425079001,852083
7436500360,333302
1245001295,492473
1310500550,275710
4047200950,349453
9103000455,744874
2291400341,272802
3876100310,297604
7131300031,412559
7853380510,851537
7409700215,552889
5248800250,423401
126039323,384289
6632300207,325891
3826501060,279578
8024202520,374673
3343901401,736171
6431000005,286469
9232900075,163685
3056700150,219627
5104511250,728643
3658700510,538384
2895110062,333898
7454000990,168690
4038700680,423632
7811220070,328424
8091670030,569857
3438503045,163318
6388900710,620681
7956300020,286889
1775930440,471443
1762600190,522907
6600400260,377446
8728550150,568932
8155500110,325006
9169600135,260098
1777600490,621749
125059179,577703
7558700030,4842051
1702900624,357654
3343901403,714017
5101400994,295428
5547500050,504776
1705400350,385996
629810800,757527
4104900150,746464
7888000390,175972
4140900270,319350
6649900030,326026
820000012,408052
6151800080,545963
7454001060,159950
8682262330,337235
1566100010,317435
1180500070,641426
1112630130,657908
3101500090,425892
8682310220,436545
4032500035,458829
1623800440,251502
1088400190,177284
751000080,423831
6675500070,314714
2193340140,472440
522049074,482458
3204500340,234812
5104200470,456425
7517500611,358709
2946002140,313364
7631800110,1196628
3529300330,349175
3885801970,375411
5456000570,675514
4123810090,562365
4037000635,297347
8079030350,494254
1726069060,631725
6858700225,275414
3356406510,282526
5423030040,594803
3111300040,364295
259800060,264736
1972202320,221511
5100403818,277221
1422700040,340178
3625049014,1115870
7852011040,732128
1201500010,484638
7195800009,620442
9407001320,356518
9508850100,524065
1328340380,294388
3885804305,623356
7128300630,664774
7574000080,557761
3744000150,792292
2607720150,667363
7203190110,461384
3904902430,619884
11501160,663886
9209900315,374699
9465910030,503052
3622069103,880613
3288301010,382561
4395600060,355396
7694200380,447925
9552700550,612624
9264921110,503622
6738700225,1036065
293620220,782983
7525300310,637813
3992700036,420481
3577300040,385477
3812400202,236469
2402100055,566227
1853080790,707575
1994200260,608443
1339300025,762982
7616200050,235056
4022902555,527940
9528102110,484730
6613001241,1312151
3205400240,274792
6065300840,896782
7852040080,639764
1920079039,436689
2817910030,825431
1563102880,395946
8561200110,408521
629000605,507263
2781270440,367408
6152900273,257234
3303950130,576504
6411600113,280166
4055700167,655043
291310310,535622
9523100550,420026
724069070,907498
2408800120,543838
7559600200,608406
8165500790,238891
7856620870,757100
1588600040,177601
1023059246,536649
1938000140,402859
6061400160,361424
4167300350,402042
8649400790,288083
173000036,275998
225039049,291220
8043700300,2845658
3834000400,288907
4054530260,1721554
8724300010,1041404
9358002232,224166
3298700012,168755
1125059071,674201
3885805300,285948
5315100784,485802
3861400030,328826
7202340010,454035
7272001805,302476
2781250230,501394
1042700300,740900
123039279,142715
3760500336,969400
6979940100,742051
686300880,341753
5214500690,445969
6021502250,319917
1320069223,566776
2871000300,596159
2724069117,402762
1159400220,368335
2571900380,553692
5528600050,350839
7686202730,234161
2225059118,493956
2558630350,365622
3655400060,692273
9558200080,374895
1796100015,906210
3378900020,385843
5416500040,488238
8856004582,281740
3812400107,484613
6126601445,287642
2997800021,223859
1211000280,334914
766800090,460520
3224079005,320828
619000100,493836
4319200620,198826
626059335,409037
3340401570,478175
7015200800,289670
8106300510,654325
1446110020,466977
2872900280,452145
8965500320,688063
7853300070,583353
5652601455,550398
7579200915,478268
2641400160,447195
203900460,486052
2998800040,318917
7519000170,275381
923000425,657624
2973800030,290985
6430500182,433253
7304301010,286821
3861470110,953020
2296500136,1007195
6790950150,613376
8123100045,259297
3142600130,562477
7137970130,363343
8656800190,565302
7135300046,395768
3629960680,461296
1133000385,653182
1085621960,280489
9542802000,337625
8151600973,364268
7019000050,319494
6021501920,311258
7399300420,255433
7548300731,623001
5316100220,777259
5152600090,272192
1703400470,433300
7316400070,465489
5561300380,434998
2215450100,344378
8635750330,657315
9492500140,538815
5315100393,343159
8588000315,350202
7524200180,237935
4235400255,170806
326069131,575877
4077800026,806213
9477000120,280360
5608000590,962202
4137050130,368276
5249801440,424494
9264901510,489812
5437820250,362884
200500410,421811
9407111100,326436
126039252,321833
6141100255,389888
3013300830,194360
3271300955,363469
3021059276,328704
9542000050,313468
2769600035,417196
3824100364,410487
1726069202,365992
7327500270,364865
1189000207,399620
2472950160,295537
9558040050,816609
3438503120,227694
9407150240,416175
1370804295,252081
5700001100,592997
6837820030,661207
5411600210,574554
5061300030,351603
525069133,778633
2121000250,260246
3179100720,487718
2780700050,403805
1545805820,452271
5702380630,481184
9211010260,582447
7129300595,463570
6802200100,506261
3304030140,415013
2623039019,1075318
104500730,345975
2924069132,606339
1775500310,606556
8114000040,264851
2011400021,367582
7525570020,370278
2917200615,205659
7697000170,475172
7871500070,399268
7215722010,486421
6300000378,426647
7159200005,1291092
8946410040,369944
3893100327,265602
635000009,905146
2322069116,650607
2760200050,422027
3432500210,214727
5700000245,619164
7588700177,174290
9178600135,350590
9830200475,561442
8562780160,330987
9826701665,636676
7504010900,568942
2770606915,203734
1254200075,292550
2473450430,542026
1433290010,395866
7586200061,222794
6841700070,547824
9826701320,534710
8943600720,283088
6791900260,675304
2301400640,361484
7979900210,267033
4037200665,208223
984000650,289249
2937300060,668613
8731982190,503325
1445200190,264011
952003285,399628
1402970020,417803
2487700274,211943
8113101670,465621
8682300400,442536
809002435,371581
4045900147,542273
2991000400,322885
9456200405,182992
5104510370,451404
9414610240,475198
2111010760,356573
1854900430,640237
2624300080,668594
3645100280,409203
1433100010,299530
9533600100,459503
6743700030,403863
9294300070,577317
2114700540,173915
7853280550,907645
868000175,306845
1446401290,287651
9109000050,200251
8856004327,368601
2329800110,552644
3031200230,398906
7582700075,923662
2422049104,142811
9274202885,294892
1770000090,390874
9500900430,286324
7305900082,305092
3336000170,518655
5680000455,1121358
9808630210,497480
8807810110,357070
3824100211,393084
3423059153,592357
3937900120,477998
524059323,384011
4305600250,530433
1257201375,413194
853600150,1223333
2424059174,1168691
5205000400,361764
2658000115,277630
3055800020,392199
357000025,612057
5666300010,291667
4167700210,447735
9187200275,839310
2960900040,236821
1021049022,232997
7750500120,158347
7153200160,1196642
4406000390,308697
629800380,1163277
2026049125,275864
6117502230,2913915
3379100130,353409
2472920140,761889
7214720075,590317
1771110070,289755
5127001600,279207
6666860210,329657
5467200055,345708
7819000040,330625
3790700070,331948
6362900138,378473
597000593,448460
8032700070,318146
9301300215,439902
8902500118,395345
6607000095,424797
2163900081,676951
7732500270,639331
3856903515,246602
2557000400,501671
4386700135,1181888
7399000360,355523
